City ID,City,Country,Date,Lat,Lng,Max Temp,Humidity,Cloudiness,Wind Speed,Current Description,Rain inches (last 3hrs),Snow inches (last 3hrs)
0,Mataura,NZ,2022-08-10 01:22:07,-46.1927,168.8643,46.47,67,100,3.8,overcast clouds,0.0,0.0
1,The Valley,AI,2022-08-10 01:23:15,18.217,-63.0578,83.1,79,98,18.97,overcast clouds,0.0,0.0
2,Banda Aceh,ID,2022-08-10 01:23:16,5.5577,95.3222,80.4,78,100,11.39,overcast clouds,0.0,0.0
3,Nikolskoye,RU,2022-08-10 01:23:16,59.7035,30.7861,56.8,82,58,0.72,broken clouds,0.0,0.0
4,Lyngseidet,NO,2022-08-10 01:23:17,69.5763,20.2189,48.2,81,100,2.42,overcast clouds,0.0,0.0
5,Olafsvik,IS,2022-08-10 01:23:17,64.8945,-23.7142,49.73,92,99,18.66,overcast clouds,0.0,0.0
6,Datong,CN,2022-08-10 01:23:17,40.0936,113.2914,69.37,67,99,3.69,overcast clouds,0.0,0.0
7,Ushuaia,AR,2022-08-10 01:20:36,-54.8,-68.3,42.46,61,40,2.3,scattered clouds,0.0,0.0
8,Rikitea,PF,2022-08-10 01:23:18,-23.1203,-134.9692,73.94,80,100,16.71,overcast clouds,0.0,0.0
9,Mar Del Plata,AR,2022-08-10 01:23:18,-38.0023,-57.5575,48.87,83,0,6.91,clear sky,0.0,0.0
10,Caravelas,BR,2022-08-10 01:23:19,-17.7125,-39.2481,70.43,81,6,6.33,clear sky,0.0,0.0
11,Itarema,BR,2022-08-10 01:23:19,-2.9248,-39.9167,77.9,81,97,15.97,overcast clouds,0.0,0.0
12,Bandarbeyla,SO,2022-08-10 01:23:19,9.4942,50.8122,78.82,68,99,25.88,overcast clouds,0.0,0.0
13,Provideniya,RU,2022-08-10 01:23:20,64.3833,-173.3,48.36,87,75,15.99,broken clouds,0.0,0.0
14,San-Pedro,CI,2022-08-10 01:23:20,4.7485,-6.6363,74.39,83,100,9.78,overcast clouds,0.0,0.0
15,Iquitos,PE,2022-08-10 01:23:20,-3.7481,-73.2472,75.24,100,75,2.3,broken clouds,0.0,0.0
16,Provost,CA,2022-08-10 01:23:21,52.3501,-110.2683,73.85,44,0,6.06,clear sky,0.0,0.0
17,Fairbanks,US,2022-08-10 01:23:21,64.8378,-147.7164,54.09,66,100,8.05,light rain,0.0,0.0
18,Puerto Ayora,EC,2022-08-10 01:23:21,-0.7393,-90.3518,69.55,87,90,4.0,overcast clouds,0.0,0.0
19,Cape Town,ZA,2022-08-10 01:23:22,-33.9258,18.4232,57.11,91,75,16.11,light rain,0.0,0.0
20,Albany,US,2022-08-10 01:21:35,42.6001,-73.9662,72.39,75,16,5.77,few clouds,0.0,0.0
21,Mitu,CO,2022-08-10 01:23:22,1.1983,-70.1733,72.05,98,98,0.96,overcast clouds,0.0,0.0
22,Comodoro Rivadavia,AR,2022-08-10 01:23:23,-45.8667,-67.5,49.86,43,0,13.8,clear sky,0.0,0.0
23,Kodiak,US,2022-08-10 01:23:24,57.79,-152.4072,53.11,94,100,6.91,light rain,0.0,0.0
24,Leningradskiy,RU,2022-08-10 01:23:24,69.3833,178.4167,53.91,57,100,3.89,overcast clouds,0.0,0.0
25,Bredasdorp,ZA,2022-08-10 01:23:24,-34.5322,20.0403,51.13,80,60,8.84,broken clouds,0.0,0.0
26,Dikson,RU,2022-08-10 01:23:25,73.5069,80.5464,39.56,85,100,18.16,overcast clouds,0.0,0.0
27,Pitsunda,GE,2022-08-10 01:23:25,43.1592,40.3378,71.78,63,0,3.06,clear sky,0.0,0.0
28,Clyde River,CA,2022-08-10 01:23:25,70.4692,-68.5914,44.83,65,0,13.8,clear sky,0.0,0.0
29,Kapaa,US,2022-08-10 01:23:26,22.0752,-159.319,84.18,80,100,13.8,light rain,0.0,0.0
30,Arraial Do Cabo,BR,2022-08-10 01:23:26,-22.9661,-42.0278,70.11,92,100,15.3,light rain,0.0,0.0
31,Alyangula,AU,2022-08-10 01:23:26,-13.8483,136.4192,78.57,67,2,5.3,clear sky,0.0,0.0
32,Hilo,US,2022-08-10 01:20:09,19.7297,-155.09,88.29,83,75,9.22,broken clouds,0.0,0.0
33,Victoria,HK,2022-08-10 01:19:44,22.2855,114.1577,85.24,83,100,18.99,overcast clouds,0.0,0.0
34,Hualmay,PE,2022-08-10 01:23:27,-11.0964,-77.6139,62.11,83,16,8.88,few clouds,0.0,0.0
35,Basna,IN,2022-08-10 01:23:27,21.2833,82.8167,74.64,93,100,14.32,overcast clouds,0.0,0.0
36,Klaksvik,FO,2022-08-10 01:23:28,62.2266,-6.589,54.52,95,100,28.23,light rain,0.0,0.0
37,Qaanaaq,GL,2022-08-10 01:23:28,77.484,-69.3632,35.6,61,0,3.56,clear sky,0.0,0.0
38,Hermanus,ZA,2022-08-10 01:23:29,-34.4187,19.2345,49.8,76,70,12.66,broken clouds,0.0,0.0
39,Basco,PH,2022-08-10 01:23:29,20.4487,121.9702,84.63,75,82,12.28,broken clouds,0.0,0.0
40,Akyab,MM,2022-08-10 01:23:30,20.15,92.9,78.91,88,100,14.09,light rain,0.0,0.0
41,Srednekolymsk,RU,2022-08-10 01:21:36,67.45,153.6833,75.79,38,0,5.79,clear sky,0.0,0.0
42,Vaini,TO,2022-08-10 01:22:07,-21.2,-175.2,80.76,89,75,14.97,broken clouds,0.0,0.0
43,Saint George,US,2022-08-10 01:21:24,37.1041,-113.5841,86.59,45,20,12.66,few clouds,0.0,0.0
44,Bluff,NZ,2022-08-10 01:23:30,-46.6,168.3333,46.8,65,67,5.79,broken clouds,0.0,0.0
45,Adrar,MR,2022-08-10 01:23:31,20.5022,-10.0711,96.37,7,17,22.03,few clouds,0.0,0.0
46,Talnakh,RU,2022-08-10 01:23:31,69.4865,88.3972,51.21,76,67,6.22,broken clouds,0.0,0.0
47,Beyneu,KZ,2022-08-10 01:23:31,45.3167,55.2,76.82,39,0,2.13,clear sky,0.0,0.0
48,Wattegama,LK,2022-08-10 01:23:32,6.7989,81.4808,74.25,70,100,5.28,overcast clouds,0.0,0.0
49,Luderitz,NA,2022-08-10 01:23:32,-26.6481,15.1594,54.45,88,1,8.63,clear sky,0.0,0.0
50,Kittery,US,2022-08-10 01:23:33,43.0881,-70.7362,70.75,89,100,6.91,overcast clouds,0.0,0.0
51,Upernavik,GL,2022-08-10 01:23:33,72.7868,-56.1549,40.35,94,100,18.77,overcast clouds,0.0,0.0
52,Georgetown,MY,2022-08-10 01:23:01,5.4112,100.3354,85.93,87,20,2.3,haze,0.0,0.0
53,Carballo,ES,2022-08-10 01:23:33,43.213,-8.691,69.22,91,0,2.51,clear sky,0.0,0.0
54,Port Alfred,ZA,2022-08-10 01:23:34,-33.5906,26.891,65.93,56,90,11.63,overcast clouds,0.0,0.0
55,Hervey Bay,AU,2022-08-10 01:23:34,-25.2986,152.8535,66.02,60,5,11.99,clear sky,0.0,0.0
56,Chuy,UY,2022-08-10 01:23:34,-33.6971,-53.4616,47.62,83,0,9.06,clear sky,0.0,0.0
57,Yellowknife,CA,2022-08-10 01:23:35,62.456,-114.3525,66.72,52,75,17.27,broken clouds,0.0,0.0
58,Harsany,HU,2022-08-10 01:23:35,47.9667,20.75,63.63,56,1,14.38,clear sky,0.0,0.0
59,Bathsheba,BB,2022-08-10 01:21:32,13.2167,-59.5167,83.01,83,40,16.11,scattered clouds,0.0,0.0
60,Atuona,PF,2022-08-10 01:23:36,-9.8,-139.0333,77.29,69,1,17.54,clear sky,0.0,0.0
61,Punta Arenas,CL,2022-08-10 01:23:36,-53.15,-70.9167,41.11,87,75,2.3,broken clouds,0.0,0.0
62,Dongzhen,CN,2022-08-10 01:23:37,22.3797,110.9389,77.72,94,100,5.26,heavy intensity rain,0.0,0.0
63,Jamestown,US,2022-08-10 01:22:43,42.097,-79.2353,65.79,70,0,0.0,clear sky,0.0,0.0
64,Palora,EC,2022-08-10 01:23:37,-1.7,-77.9333,64.69,99,100,2.91,moderate rain,0.0,0.0
65,Tasiilaq,GL,2022-08-10 01:23:38,65.6145,-37.6368,41.16,91,100,6.55,overcast clouds,0.0,0.0
66,Timbiqui,CO,2022-08-10 01:23:38,2.7717,-77.6654,75.47,95,100,4.61,moderate rain,0.0,0.0
67,Ariquemes,BR,2022-08-10 01:23:38,-9.9133,-63.0408,70.95,94,100,9.15,overcast clouds,0.0,0.0
68,Saskylakh,RU,2022-08-10 01:23:39,71.9167,114.0833,54.07,92,100,5.26,light rain,0.0,0.0
69,Labytnangi,RU,2022-08-10 01:23:39,66.6572,66.4183,51.96,67,4,6.98,clear sky,0.0,0.0
70,Zelenoborskiy,RU,2022-08-10 01:23:39,66.845,32.3622,53.62,92,100,8.99,light rain,0.0,0.0
71,Rosario,AR,2022-08-10 01:20:22,-32.9468,-60.6393,48.11,76,0,0.0,clear sky,0.0,0.0
72,Bethel,US,2022-08-10 01:23:40,41.3712,-73.414,82.76,76,35,1.99,scattered clouds,0.0,0.0
73,Deputatskiy,RU,2022-08-10 01:23:40,69.3,139.9,59.56,53,0,2.17,clear sky,0.0,0.0
74,Haimen,CN,2022-08-10 01:23:41,23.1935,116.6142,84.09,81,63,13.22,light rain,0.0,0.0
75,Bambous Virieux,MU,2022-08-10 01:23:41,-20.3428,57.7575,70.05,64,75,16.11,broken clouds,0.0,0.0
76,Monforte De Lemos,ES,2022-08-10 01:23:41,42.5216,-7.5142,76.57,90,1,2.01,clear sky,0.0,0.0
77,Castro,BR,2022-08-10 01:23:42,-24.7911,-50.0119,55.09,95,100,8.28,light rain,0.0,0.0
78,New Norfolk,AU,2022-08-10 01:23:42,-42.7826,147.0587,52.92,46,7,2.8,clear sky,0.0,0.0
79,San Patricio,US,2022-08-10 01:23:43,28.017,-97.5169,88.16,60,7,12.82,clear sky,0.0,0.0
80,Dingle,PH,2022-08-10 01:23:43,10.9995,122.6711,79.43,85,97,1.79,overcast clouds,0.0,0.0
81,Kang,BW,2022-08-10 01:23:44,-23.6752,22.7876,54.21,23,0,5.7,clear sky,0.0,0.0
82,Ucluelet,CA,2022-08-10 01:23:44,48.9329,-125.5528,62.91,87,91,1.01,overcast clouds,0.0,0.0
83,Ilulissat,GL,2022-08-10 01:23:44,69.2167,-51.1,39.22,93,100,10.36,overcast clouds,0.0,0.0
84,Seoul,KR,2022-08-10 01:23:45,37.5683,126.9778,80.17,76,75,3.44,broken clouds,0.0,0.0
85,Magadan,RU,2022-08-10 01:23:34,59.5667,150.8,56.53,89,100,15.84,light rain,0.0,0.0
86,Quime,BO,2022-08-10 01:23:45,-16.9833,-67.2167,47.07,93,91,3.27,overcast clouds,0.0,0.0
87,Ixtapa,MX,2022-08-10 01:23:46,20.7,-105.2,84.22,70,75,8.05,broken clouds,0.0,0.0
88,Vao,NC,2022-08-10 01:23:46,-22.6667,167.4833,67.48,63,0,18.5,clear sky,0.0,0.0
89,Tuktoyaktuk,CA,2022-08-10 01:23:46,69.4541,-133.0374,50.0,76,100,28.77,light rain,0.0,0.0
90,Roebourne,AU,2022-08-10 01:23:47,-20.7833,117.1333,67.46,33,0,16.8,clear sky,0.0,0.0
91,Jijiga,ET,2022-08-10 01:23:47,9.35,42.8,63.84,66,100,20.76,overcast clouds,0.0,0.0
92,Aykhal,RU,2022-08-10 01:23:48,66.0,111.5,58.82,71,100,7.09,overcast clouds,0.0,0.0
93,Mahibadhoo,MV,2022-08-10 01:23:48,3.7833,72.9667,81.21,76,78,8.66,broken clouds,0.0,0.0
94,Tanete,ID,2022-08-10 01:23:48,-3.9443,119.7848,75.7,90,100,6.55,overcast clouds,0.0,0.0
95,Ponta Do Sol,PT,2022-08-10 01:23:49,32.6667,-17.1,71.71,89,11,3.74,few clouds,0.0,0.0
96,Kavaratti,IN,2022-08-10 01:22:28,10.5669,72.642,80.56,83,100,19.04,overcast clouds,0.0,0.0
97,Avarua,CK,2022-08-10 01:23:49,-21.2078,-159.775,77.05,61,75,12.66,broken clouds,0.0,0.0
98,Wanganui,NZ,2022-08-10 01:23:49,-39.9333,175.05,51.6,64,81,14.0,broken clouds,0.0,0.0
99,Hithadhoo,MV,2022-08-10 01:20:05,-0.6,73.0833,81.54,76,32,7.94,scattered clouds,0.0,0.0
100,Pisco,PE,2022-08-10 01:23:43,-13.7,-76.2167,59.05,88,100,11.5,overcast clouds,0.0,0.0
101,Hohhot,CN,2022-08-10 01:22:42,40.8106,111.6522,71.89,68,0,4.47,clear sky,0.0,0.0
102,Shingu,JP,2022-08-10 01:23:50,33.7333,135.9833,88.39,65,100,7.85,overcast clouds,0.0,0.0
103,Ribeira Grande,PT,2022-08-10 01:19:01,38.5167,-28.7,73.72,76,12,1.05,few clouds,0.0,0.0
104,Pevek,RU,2022-08-10 01:22:59,69.7008,170.3133,42.53,98,100,7.78,moderate rain,0.0,0.0
105,Bati,ET,2022-08-10 01:23:51,11.1833,40.0167,66.34,75,100,3.2,light rain,0.0,0.0
106,Aasiaat,GL,2022-08-10 01:23:51,68.7098,-52.8699,37.6,86,100,11.25,overcast clouds,0.0,0.0
107,Sao Jose Da Coroa Grande,BR,2022-08-10 01:23:52,-8.8978,-35.1478,73.89,79,6,5.59,clear sky,0.0,0.0
108,Rawson,AR,2022-08-10 01:20:49,-43.3002,-65.1023,50.34,49,100,3.11,overcast clouds,0.0,0.0
109,Port Elizabeth,ZA,2022-08-10 01:22:52,-33.918,25.5701,59.31,87,0,17.27,clear sky,0.0,0.0
110,Berlevag,NO,2022-08-10 01:23:52,70.8578,29.0864,51.6,81,100,2.3,overcast clouds,0.0,0.0
111,Sao Filipe,CV,2022-08-10 01:23:53,14.8961,-24.4956,79.41,87,82,0.87,broken clouds,0.0,0.0
112,Morondava,MG,2022-08-10 01:23:53,-20.2833,44.2833,66.79,64,0,8.46,clear sky,0.0,0.0
113,Butaritari,KI,2022-08-10 01:23:54,3.0707,172.7902,81.82,75,10,13.94,clear sky,0.0,0.0
114,Kralendijk,BQ,2022-08-10 01:23:54,12.15,-68.2667,82.38,83,75,17.27,broken clouds,0.0,0.0
115,Taltal,CL,2022-08-10 01:23:17,-25.4,-70.4833,67.17,41,0,4.21,clear sky,0.0,0.0
116,Pangnirtung,CA,2022-08-10 01:21:23,66.1451,-65.7125,47.48,77,86,2.01,overcast clouds,0.0,0.0
117,Nuuk,GL,2022-08-10 01:23:55,64.1835,-51.7216,39.81,100,75,5.75,broken clouds,0.0,0.0
118,Busselton,AU,2022-08-10 01:23:55,-33.65,115.3333,53.15,74,100,7.14,overcast clouds,0.0,0.0
119,Puerto Del Rosario,ES,2022-08-10 01:23:55,28.5004,-13.8627,71.35,78,75,13.8,broken clouds,0.0,0.0
120,Cidreira,BR,2022-08-10 01:22:15,-30.1811,-50.2056,55.09,88,100,15.19,light rain,0.0,0.0
121,San Cristobal,VE,2022-08-10 01:22:52,7.7669,-72.225,68.18,94,100,3.33,overcast clouds,0.0,0.0
122,Cherskiy,RU,2022-08-10 01:23:11,68.75,161.3,57.29,64,100,9.53,overcast clouds,0.0,0.0
123,Samarinda,ID,2022-08-10 01:23:56,-0.5,117.15,80.15,88,61,2.33,light rain,0.0,0.0
124,Severo-Yeniseyskiy,RU,2022-08-10 01:23:56,60.3725,93.0408,57.81,95,100,3.65,overcast clouds,0.0,0.0
125,Ambilobe,MG,2022-08-10 01:23:57,-13.2,49.05,63.77,78,95,5.73,overcast clouds,0.0,0.0
126,Labuhan,ID,2022-08-10 01:23:57,-6.8844,112.2051,80.85,72,74,10.49,broken clouds,0.0,0.0
127,Lebu,CL,2022-08-10 01:20:13,-37.6167,-73.65,47.86,80,100,10.38,overcast clouds,0.0,0.0
128,Saint-Philippe,RE,2022-08-10 01:21:36,-21.3585,55.7679,65.79,77,97,15.95,overcast clouds,0.0,0.0
129,Bongandanga,CD,2022-08-10 01:23:58,1.5,21.05,73.98,80,100,2.95,overcast clouds,0.0,0.0
130,East London,ZA,2022-08-10 01:20:16,-33.0153,27.9116,64.92,45,93,5.26,overcast clouds,0.0,0.0
131,Staszow,PL,2022-08-10 01:23:59,50.5631,21.1659,59.92,83,9,6.73,clear sky,0.0,0.0
132,Atar,MR,2022-08-10 01:23:31,20.5169,-13.0499,97.0,9,79,15.52,broken clouds,0.0,0.0
133,Lagoa,PT,2022-08-10 01:23:59,39.05,-27.9833,71.6,81,40,7.4,scattered clouds,0.0,0.0
134,Lorengau,PG,2022-08-10 01:23:25,-2.0226,147.2712,82.62,77,51,7.0,broken clouds,0.0,0.0
135,Petropavlovsk-Kamchatskiy,RU,2022-08-10 01:24:00,53.0452,158.6483,54.19,100,75,8.95,light intensity shower rain,0.0,0.0
136,Portland,US,2022-08-10 01:23:50,45.5234,-122.6762,89.62,53,20,10.36,few clouds,0.0,0.0
137,Necochea,AR,2022-08-10 01:24:00,-38.5473,-58.7368,44.04,68,29,8.63,scattered clouds,0.0,0.0
138,Saint-Georges,GD,2022-08-10 01:19:31,12.0564,-61.7485,82.08,83,75,11.5,broken clouds,0.0,0.0
139,Ananindeua,BR,2022-08-10 01:24:01,-1.3656,-48.3722,80.51,83,40,11.5,scattered clouds,0.0,0.0
140,Mahebourg,MU,2022-08-10 01:24:01,-20.4081,57.7,70.09,64,75,16.11,broken clouds,0.0,0.0
141,Kaitangata,NZ,2022-08-10 01:23:37,-46.2817,169.8464,45.59,61,100,7.2,overcast clouds,0.0,0.0
142,Muzaffarabad,PK,2022-08-10 01:24:02,34.37,73.4711,75.81,75,2,4.34,clear sky,0.0,0.0
143,Doha,QA,2022-08-10 01:22:49,25.2867,51.5333,94.98,59,87,5.75,overcast clouds,0.0,0.0
144,Marawi,PH,2022-08-10 01:24:02,7.9986,124.2928,77.09,73,25,3.13,scattered clouds,0.0,0.0
145,Hobart,AU,2022-08-10 01:24:03,-42.8794,147.3294,53.26,68,75,6.91,broken clouds,0.0,0.0
146,Petawawa,CA,2022-08-10 01:24:04,45.9001,-77.3328,61.79,86,20,3.44,few clouds,0.0,0.0
147,Saint-Augustin,CA,2022-08-10 01:24:04,51.226,-58.6502,58.53,74,2,1.19,clear sky,0.0,0.0
148,Bengkulu,ID,2022-08-10 01:24:04,-3.8004,102.2655,76.48,86,64,2.64,broken clouds,0.0,0.0
149,Along,IN,2022-08-10 01:24:04,28.1667,94.7667,75.52,100,100,0.56,light rain,0.0,0.0
150,Muroto,JP,2022-08-10 01:24:05,33.2833,134.15,84.06,77,71,6.33,broken clouds,0.0,0.0
151,Kuryk,KZ,2022-08-10 01:24:05,43.2,51.65,80.02,45,46,5.5,scattered clouds,0.0,0.0
152,Fortuna,US,2022-08-10 01:24:06,40.5982,-124.1573,69.93,68,100,12.66,overcast clouds,0.0,0.0
153,Henties Bay,NA,2022-08-10 01:24:06,-22.116,14.2845,52.45,95,11,2.53,few clouds,0.0,0.0
154,Gorin,RU,2022-08-10 01:24:07,51.1983,136.6669,61.54,78,100,5.91,overcast clouds,0.0,0.0
155,Abu Samrah,SY,2022-08-10 01:24:07,35.3029,37.1841,73.74,71,0,15.57,clear sky,0.0,0.0
156,Hobyo,SO,2022-08-10 01:22:46,5.3505,48.5268,76.8,85,100,24.74,overcast clouds,0.0,0.0
157,Tiksi,RU,2022-08-10 01:22:18,71.6872,128.8694,58.51,72,64,16.64,broken clouds,0.0,0.0
158,Imbituba,BR,2022-08-10 01:24:08,-28.24,-48.6703,63.86,99,100,7.0,moderate rain,0.0,0.0
159,Churapcha,RU,2022-08-10 01:24:09,62.0025,132.4325,59.63,75,100,4.56,overcast clouds,0.0,0.0
160,Touros,BR,2022-08-10 01:24:09,-5.1989,-35.4608,74.8,82,6,12.84,clear sky,0.0,0.0
161,Tuatapere,NZ,2022-08-10 01:24:09,-46.1333,167.6833,45.86,68,100,3.69,overcast clouds,0.0,0.0
162,Jan Kempdorp,ZA,2022-08-10 01:24:10,-27.9225,24.8305,48.61,50,0,2.04,clear sky,0.0,0.0
163,Sidney,AU,2022-08-10 01:24:10,-33.8679,151.2073,60.89,76,83,4.0,broken clouds,0.0,0.0
164,Tombouctou,ML,2022-08-10 01:24:10,20.0,-3.0,82.83,59,7,27.29,clear sky,0.0,0.0
165,Bom Jesus,BR,2022-08-10 01:24:11,-9.0744,-44.3586,72.28,24,3,3.02,clear sky,0.0,0.0
166,Vostok,RU,2022-08-10 01:24:11,46.4856,135.8833,71.4,42,4,10.09,clear sky,0.0,0.0
167,Payson,US,2022-08-10 01:24:12,40.0444,-111.7321,96.4,19,40,6.91,scattered clouds,0.0,0.0
168,Tomatlan,MX,2022-08-10 01:24:12,19.9333,-105.25,82.35,79,88,2.84,overcast clouds,0.0,0.0
169,Souillac,MU,2022-08-10 01:24:12,-20.5167,57.5167,70.18,64,75,16.11,broken clouds,0.0,0.0
170,Ribeira Brava,PT,2022-08-10 01:24:13,32.65,-17.0667,71.71,89,7,2.48,clear sky,0.0,0.0
171,Ayagoz,KZ,2022-08-10 01:24:13,47.9714,80.4392,69.46,46,25,0.83,scattered clouds,0.0,0.0
172,Grand-Santi,GF,2022-08-10 01:24:14,4.25,-54.3833,76.87,78,89,2.01,overcast clouds,0.0,0.0
173,Trairi,BR,2022-08-10 01:22:50,-3.2778,-39.2689,77.43,83,31,9.89,scattered clouds,0.0,0.0
174,Narsaq,GL,2022-08-10 01:24:14,60.9167,-46.05,46.62,81,99,1.5,overcast clouds,0.0,0.0
175,Tocantins,BR,2022-08-10 01:21:39,-10.5,-48.0,73.69,35,15,0.25,few clouds,0.0,0.0
176,Axim,GH,2022-08-10 01:24:14,4.8699,-2.2405,74.19,89,92,9.04,overcast clouds,0.0,0.0
177,Isla Mujeres,MX,2022-08-10 01:24:15,21.2311,-86.731,77.16,83,22,12.5,few clouds,0.0,0.0
178,Grindavik,IS,2022-08-10 01:24:15,63.8424,-22.4338,49.95,100,100,24.16,overcast clouds,0.0,0.0
179,Broome,US,2022-08-10 01:24:16,42.2506,-75.833,70.02,83,0,6.91,clear sky,0.0,0.0
180,Takoradi,GH,2022-08-10 01:23:12,4.8845,-1.7554,73.29,91,98,8.48,overcast clouds,0.0,0.0
181,Hofn,IS,2022-08-10 01:24:17,64.2539,-15.2082,52.03,93,86,19.93,overcast clouds,0.0,0.0
182,Yulin,CN,2022-08-10 01:24:17,22.6333,110.15,76.55,94,100,9.1,overcast clouds,0.0,0.0
183,Khatanga,RU,2022-08-10 01:24:17,71.9667,102.5,57.88,55,89,15.5,overcast clouds,0.0,0.0
184,San Pedro,PH,2022-08-10 01:21:21,14.35,121.0167,85.23,76,75,5.75,broken clouds,0.0,0.0
185,Boden,SE,2022-08-10 01:24:18,65.8252,21.6886,59.0,80,100,3.76,overcast clouds,0.0,0.0
186,Ha Tinh,VN,2022-08-10 01:24:19,18.3333,105.9,81.1,76,100,4.43,moderate rain,0.0,0.0
187,Karratha,AU,2022-08-10 01:20:30,-20.7377,116.8463,67.68,31,0,14.29,clear sky,0.0,0.0
188,Aklavik,CA,2022-08-10 01:24:19,68.2191,-135.0107,57.15,37,93,18.25,overcast clouds,0.0,0.0
189,Jesenik,CZ,2022-08-10 01:24:20,50.2294,17.2046,58.98,81,14,15.99,few clouds,0.0,0.0
190,Perelyub,RU,2022-08-10 01:24:20,51.8667,50.3667,70.16,60,10,6.11,clear sky,0.0,0.0
191,Nukus,UZ,2022-08-10 01:24:20,42.4531,59.6103,66.18,55,0,4.61,clear sky,0.0,0.0
192,Kindu,CD,2022-08-10 01:24:21,-2.95,25.95,70.2,49,83,2.8,broken clouds,0.0,0.0
193,Bairiki,KI,2022-08-10 01:24:21,1.3292,172.9752,86.0,70,20,11.5,few clouds,0.0,0.0
194,Kloulklubed,PW,2022-08-10 01:24:13,7.0419,134.2556,84.7,69,61,9.8,broken clouds,0.0,0.0
195,Litovko,RU,2022-08-10 01:24:21,49.2361,135.1742,66.96,74,93,9.26,overcast clouds,0.0,0.0
196,Mayumba,GA,2022-08-10 01:24:22,-3.432,10.6554,68.9,93,24,2.64,few clouds,0.0,0.0
197,Kahului,US,2022-08-10 01:23:13,20.8947,-156.47,89.62,59,20,26.46,few clouds,0.0,0.0
198,Tuy Hoa,VN,2022-08-10 01:24:22,13.0833,109.3,79.95,73,100,15.05,overcast clouds,0.0,0.0
199,Samarai,PG,2022-08-10 01:23:11,-10.6167,150.6667,78.94,80,100,20.8,overcast clouds,0.0,0.0
200,Dongying,CN,2022-08-10 01:24:23,37.4564,118.4856,70.41,90,100,3.04,overcast clouds,0.0,0.0
201,Makakilo City,US,2022-08-10 01:24:23,21.3469,-158.0858,88.12,58,40,20.71,scattered clouds,0.0,0.0
202,Longyearbyen,SJ,2022-08-10 01:23:57,78.2186,15.6401,46.24,81,75,10.36,broken clouds,0.0,0.0
203,Maragogi,BR,2022-08-10 01:24:24,-9.0122,-35.2225,73.47,80,3,5.37,clear sky,0.0,0.0
204,Sola,VU,2022-08-10 01:24:24,-13.8833,167.55,80.35,72,0,3.04,clear sky,0.0,0.0
205,Esperance,AU,2022-08-10 01:23:27,-33.8667,121.9,48.04,67,100,27.38,overcast clouds,0.0,0.0
206,Maraba,BR,2022-08-10 01:24:24,-5.3686,-49.1178,77.18,94,0,0.0,clear sky,0.0,0.0
207,Conde,BR,2022-08-10 01:24:25,-7.2597,-34.9075,72.86,88,0,4.61,clear sky,0.0,0.0
208,Katsuura,JP,2022-08-10 01:24:25,35.1333,140.3,86.02,80,93,20.74,overcast clouds,0.0,0.0
209,Marrakesh,MA,2022-08-10 01:20:50,31.6315,-8.0083,73.47,60,0,6.91,clear sky,0.0,0.0
210,Kitui,KE,2022-08-10 01:24:26,-1.367,38.0106,58.21,74,100,6.06,overcast clouds,0.0,0.0
211,Mantua,IT,2022-08-10 01:23:59,45.1667,10.7833,79.84,75,3,3.0,clear sky,0.0,0.0
212,Barrow,US,2022-08-10 01:24:27,71.2906,-156.7887,42.82,81,100,17.27,light rain,0.0,0.0
213,Nanortalik,GL,2022-08-10 01:24:27,60.1432,-45.2371,42.17,90,56,9.62,broken clouds,0.0,0.0
214,Geraldton,AU,2022-08-10 01:24:27,-28.7667,114.6,54.01,94,40,6.91,scattered clouds,0.0,0.0
215,Gamba,GA,2022-08-10 01:24:28,-2.65,10.0,69.64,92,74,5.21,broken clouds,0.0,0.0
216,Balad,IQ,2022-08-10 01:24:28,34.0164,44.1453,88.75,27,0,13.76,clear sky,0.0,0.0
217,Aracati,BR,2022-08-10 01:19:45,-4.5617,-37.7697,78.21,78,28,11.65,scattered clouds,0.0,0.0
218,Vardo,NO,2022-08-10 01:23:08,70.3705,31.1107,51.78,93,100,2.3,overcast clouds,0.0,0.0
219,Verkhnevilyuysk,RU,2022-08-10 01:24:29,63.4453,120.3167,62.94,63,90,6.33,overcast clouds,0.0,0.0
220,Karasjok,NO,2022-08-10 01:24:29,69.4719,25.5112,50.11,94,98,7.56,overcast clouds,0.0,0.0
221,Brae,GB,2022-08-10 01:24:29,60.3964,-1.353,57.99,88,100,25.1,overcast clouds,0.0,0.0
222,Carnarvon,AU,2022-08-10 01:24:30,-24.8667,113.6333,59.61,57,30,17.38,scattered clouds,0.0,0.0
223,Saint Anthony,US,2022-08-10 01:24:30,45.0205,-93.218,78.93,60,0,8.05,clear sky,0.0,0.0
224,Umm Lajj,SA,2022-08-10 01:22:36,25.0213,37.2685,87.46,75,86,1.03,overcast clouds,0.0,0.0
225,Kodinar,IN,2022-08-10 01:24:30,20.7903,70.7031,79.95,89,96,18.07,overcast clouds,0.0,0.0
226,Maniitsoq,GL,2022-08-10 01:24:31,65.4167,-52.9,40.71,94,100,4.83,overcast clouds,0.0,0.0
227,Buala,SB,2022-08-10 01:24:31,-8.145,159.5921,86.0,62,100,4.41,overcast clouds,0.0,0.0
228,Cayhagan,PH,2022-08-10 01:24:32,9.6697,122.4256,80.47,74,100,3.36,overcast clouds,0.0,0.0
229,Actopan,MX,2022-08-10 01:24:32,20.2667,-98.9333,61.0,81,83,6.64,broken clouds,0.0,0.0
230,Nobeoka,JP,2022-08-10 01:21:12,32.5833,131.6667,85.75,73,100,3.71,overcast clouds,0.0,0.0
231,Novopokrovka,UA,2022-08-10 01:24:32,49.8425,36.5477,66.87,63,96,5.61,overcast clouds,0.0,0.0
232,Dickinson,US,2022-08-10 01:20:20,29.4608,-95.0513,88.12,75,0,9.22,clear sky,0.0,0.0
233,Omboue,GA,2022-08-10 01:24:33,-1.5746,9.2618,72.66,88,99,8.79,overcast clouds,0.0,0.0
234,Reoti,IN,2022-08-10 01:24:33,25.85,84.3833,82.78,73,62,17.69,broken clouds,0.0,0.0
235,Tual,ID,2022-08-10 01:24:33,-5.6667,132.75,80.13,80,100,16.04,overcast clouds,0.0,0.0
236,Roald,NO,2022-08-10 01:24:34,62.5833,6.1333,64.76,82,100,21.85,overcast clouds,0.0,0.0
237,Panaba,MX,2022-08-10 01:24:34,21.2833,-88.2667,78.6,82,94,11.61,overcast clouds,0.0,0.0
238,Sorland,NO,2022-08-10 01:24:19,67.667,12.6934,53.46,91,100,30.71,light rain,0.0,0.0
239,Biak,ID,2022-08-10 01:24:35,-0.9131,122.8766,79.29,81,53,6.17,broken clouds,0.0,0.0
240,Carbonia,IT,2022-08-10 01:24:35,39.1672,8.5222,76.01,71,0,2.01,clear sky,0.0,0.0
241,Hami,CN,2022-08-10 01:24:36,42.8,93.45,89.35,24,2,8.05,clear sky,0.0,0.0
242,Kamenka,RU,2022-08-10 01:24:36,51.3223,42.7678,68.41,45,57,5.48,broken clouds,0.0,0.0
243,Sisimiut,GL,2022-08-10 01:24:36,66.9395,-53.6735,40.03,93,99,5.82,overcast clouds,0.0,0.0
244,Gigmoto,PH,2022-08-10 01:24:37,13.7796,124.39,82.99,74,100,1.16,overcast clouds,0.0,0.0
245,Lujan,AR,2022-08-10 01:24:37,-34.5703,-59.105,51.94,99,4,4.99,clear sky,0.0,0.0
246,Kutum,SD,2022-08-10 01:24:37,14.2,24.6667,74.32,65,100,1.25,overcast clouds,0.0,0.0
247,Vinh Long,VN,2022-08-10 01:24:38,10.25,105.9667,75.18,85,72,9.01,broken clouds,0.0,0.0
248,Wladyslawowo,PL,2022-08-10 01:24:38,54.7909,18.4009,57.0,76,100,2.17,overcast clouds,0.0,0.0
249,Sungai Udang,MY,2022-08-10 01:24:39,2.269,102.1427,84.07,79,20,4.61,few clouds,0.0,0.0
250,Abnub,EG,2022-08-10 01:24:39,27.2696,31.1511,86.31,33,0,10.36,clear sky,0.0,0.0
251,Betanzos,ES,2022-08-10 01:24:39,43.2804,-8.2147,70.45,80,0,1.14,clear sky,0.0,0.0
252,Ancud,CL,2022-08-10 01:24:40,-41.8697,-73.8203,46.22,84,100,4.09,overcast clouds,0.0,0.0
253,Norman Wells,CA,2022-08-10 01:23:14,65.282,-126.8329,73.44,43,75,2.3,broken clouds,0.0,0.0
254,Kruisfontein,ZA,2022-08-10 01:24:40,-34.0033,24.7314,53.89,92,99,8.99,overcast clouds,0.0,0.0
255,Cockburn Town,TC,2022-08-10 01:24:40,21.4612,-71.1419,81.28,85,0,17.05,clear sky,0.0,0.0
256,Marsh Harbour,BS,2022-08-10 01:24:41,26.5412,-77.0636,83.05,76,0,11.52,clear sky,0.0,0.0
257,Griffith,US,2022-08-10 01:24:41,41.5284,-87.4237,69.3,78,0,6.91,clear sky,0.0,0.0
258,Natal,BR,2022-08-10 01:21:47,-5.795,-35.2094,77.22,88,20,4.61,few clouds,0.0,0.0
259,San Rafael,AR,2022-08-10 01:23:56,-34.6177,-68.3301,47.7,46,100,12.53,overcast clouds,0.0,0.0
260,Vezirkopru,TR,2022-08-10 01:24:42,41.1436,35.4547,64.89,91,0,1.97,clear sky,0.0,0.0
261,Calvinia,ZA,2022-08-10 01:24:42,-31.4707,19.776,48.06,56,66,5.14,broken clouds,0.0,0.0
262,Bubaque,GW,2022-08-10 01:24:43,11.2833,-15.8333,80.46,84,99,11.61,overcast clouds,0.0,0.0
263,Brookhaven,US,2022-08-10 01:24:43,31.5791,-90.4407,78.46,69,67,5.7,broken clouds,0.0,0.0
264,Dunedin,NZ,2022-08-10 01:24:43,-45.8742,170.5036,45.81,53,52,5.99,broken clouds,0.0,0.0
265,Hambantota,LK,2022-08-10 01:22:33,6.1241,81.1185,78.06,79,100,16.58,overcast clouds,0.0,0.0
266,Avera,US,2022-08-10 01:21:34,33.194,-82.5271,83.71,68,98,7.0,overcast clouds,0.0,0.0
267,Sabang,ID,2022-08-10 01:24:44,5.8933,95.3214,81.95,76,100,18.1,overcast clouds,0.0,0.0
268,Sfantu Gheorghe,RO,2022-08-10 01:24:44,45.8667,25.7833,66.27,97,79,2.35,broken clouds,0.0,0.0
269,Sainte-Marie,RE,2022-08-10 01:24:45,-20.8968,55.5496,66.36,67,22,16.11,few clouds,0.0,0.0
270,Yulara,AU,2022-08-10 01:20:21,-25.2406,130.9889,58.14,69,100,7.18,overcast clouds,0.0,0.0
271,Pozo Colorado,PY,2022-08-10 01:24:45,-23.4923,-58.7972,54.55,54,0,10.18,clear sky,0.0,0.0
272,Boyuibe,BO,2022-08-10 01:24:46,-20.4167,-63.2833,45.43,67,0,5.28,clear sky,0.0,0.0
273,Sinnamary,GF,2022-08-10 01:24:46,5.3833,-52.95,78.73,86,34,11.7,scattered clouds,0.0,0.0
274,Saint-Pierre,RE,2022-08-10 01:24:46,-21.3393,55.4781,65.88,71,75,25.32,broken clouds,0.0,0.0
275,Te Anau,NZ,2022-08-10 01:24:47,-45.4167,167.7167,41.81,72,93,1.45,overcast clouds,0.0,0.0
276,Usinsk,RU,2022-08-10 01:24:47,65.9939,57.5281,48.33,75,7,2.75,clear sky,0.0,0.0
277,Pahrump,US,2022-08-10 01:24:48,36.2083,-115.9839,89.26,40,100,5.01,overcast clouds,0.0,0.0
278,Mehamn,NO,2022-08-10 01:24:48,71.0357,27.8492,49.95,87,75,5.75,broken clouds,0.0,0.0
279,Cravo Norte,CO,2022-08-10 01:24:48,6.3017,-70.2041,77.65,87,100,4.21,overcast clouds,0.0,0.0
280,Tiruchchendur,IN,2022-08-10 01:24:49,8.4833,78.1167,80.89,77,100,14.97,overcast clouds,0.0,0.0
281,Itaguai,BR,2022-08-10 01:24:50,-22.8522,-43.7753,72.63,94,100,3.44,light rain,0.0,0.0
282,Buzdyak,RU,2022-08-10 01:24:50,54.5833,54.55,64.92,80,99,1.32,overcast clouds,0.0,0.0
283,Lompoc,US,2022-08-10 01:20:06,34.6391,-120.4579,85.57,62,0,14.97,clear sky,0.0,0.0
284,Wewak,PG,2022-08-10 01:24:51,-3.5534,143.6268,83.71,69,50,4.94,scattered clouds,0.0,0.0
285,Gazli,UZ,2022-08-10 01:24:51,40.1333,63.45,76.08,24,0,9.19,clear sky,0.0,0.0
286,Puurmani,EE,2022-08-10 01:24:52,58.5738,26.2878,53.28,87,1,1.99,clear sky,0.0,0.0
287,Greenville,US,2022-08-10 01:22:47,35.6127,-77.3663,86.16,73,75,1.99,broken clouds,0.0,0.0
288,Chern,RU,2022-08-10 01:24:52,53.4523,36.9145,61.2,98,100,6.08,overcast clouds,0.0,0.0
289,Bafoulabe,ML,2022-08-10 01:24:53,13.8065,-10.8321,78.94,85,94,5.32,overcast clouds,0.0,0.0
290,Asau,RO,2022-08-10 01:24:53,46.4333,26.4,63.52,99,100,3.74,overcast clouds,0.0,0.0
291,Gizo,SB,2022-08-10 01:24:53,-8.103,156.8419,84.11,68,100,2.44,overcast clouds,0.0,0.0
292,Port Lincoln,AU,2022-08-10 01:24:54,-34.7333,135.8667,58.68,55,100,23.98,overcast clouds,0.0,0.0
293,Catamarca,AR,2022-08-10 01:23:01,-28.4696,-65.7852,48.31,58,17,9.71,few clouds,0.0,0.0
294,Anadyr,RU,2022-08-10 01:24:54,64.75,177.4833,63.1,55,0,11.18,clear sky,0.0,0.0
295,Santa Vitoria Do Palmar,BR,2022-08-10 01:21:59,-33.5189,-53.3681,47.61,82,0,8.68,clear sky,0.0,0.0
296,Ndele,CF,2022-08-10 01:24:55,8.4109,20.6473,69.69,98,100,2.3,light rain,0.0,0.0
297,Sorong,ID,2022-08-10 01:24:55,-0.8833,131.25,77.97,87,100,6.55,overcast clouds,0.0,0.0
298,Mango,US,2022-08-10 01:24:56,27.9797,-82.3065,79.27,78,0,3.44,clear sky,0.0,0.0
299,Tipuani,BO,2022-08-10 01:24:56,-15.5648,-68.0185,64.13,98,100,1.99,overcast clouds,0.0,0.0
300,Swan River,CA,2022-08-10 01:24:57,52.1058,-101.2676,71.49,46,58,9.22,broken clouds,0.0,0.0
301,Qaqortoq,GL,2022-08-10 01:24:57,60.7167,-46.0333,42.22,90,93,7.49,overcast clouds,0.0,0.0
302,Kajiado,KE,2022-08-10 01:24:58,-1.8524,36.7768,52.88,90,99,5.23,overcast clouds,0.0,0.0
303,Barreirinhas,BR,2022-08-10 01:24:58,-2.7469,-42.8264,77.58,84,22,9.22,few clouds,0.0,0.0
304,Garowe,SO,2022-08-10 01:24:58,8.4054,48.4845,76.8,59,100,24.81,overcast clouds,0.0,0.0
305,Jeremie,HT,2022-08-10 01:24:59,18.65,-74.1167,81.81,82,63,5.64,broken clouds,0.0,0.0
306,Robertsganj,IN,2022-08-10 01:24:59,24.7,83.0667,78.17,82,84,16.98,broken clouds,0.0,0.0
307,Gao,ML,2022-08-10 01:25:00,16.6362,1.637,87.8,44,43,6.02,scattered clouds,0.0,0.0
308,Moree,AU,2022-08-10 01:25:00,-29.4667,149.85,60.35,49,0,8.3,clear sky,0.0,0.0
309,Baherden,TM,2022-08-10 01:25:00,38.4362,57.4316,79.63,27,4,2.71,clear sky,0.0,0.0
310,Roseburg,US,2022-08-10 01:25:01,43.2165,-123.3417,83.75,46,0,13.8,clear sky,0.0,0.0
311,Boende,CD,2022-08-10 01:25:01,-0.2167,20.8667,74.43,73,51,2.73,broken clouds,0.0,0.0
312,Amahai,ID,2022-08-10 01:25:01,-3.3333,128.9167,79.32,83,85,3.24,overcast clouds,0.0,0.0
313,Nabire,ID,2022-08-10 01:25:02,-3.3667,135.4833,75.83,93,100,4.41,overcast clouds,0.0,0.0
314,Dembi Dolo,ET,2022-08-10 01:25:02,8.5333,34.8,57.51,99,100,0.36,moderate rain,0.0,0.0
315,La Montanita,CO,2022-08-10 01:25:03,1.4766,-75.4398,69.84,97,100,2.37,overcast clouds,0.0,0.0
316,Meulaboh,ID,2022-08-10 01:25:03,4.1363,96.1285,77.72,82,92,4.07,overcast clouds,0.0,0.0
317,Rio Verde De Mato Grosso,BR,2022-08-10 01:25:04,-18.9181,-54.8442,57.83,82,100,6.49,light rain,0.0,0.0
318,Cabo San Lucas,MX,2022-08-10 01:20:47,22.8909,-109.9124,88.61,73,0,11.5,clear sky,0.0,0.0
319,Aksarka,RU,2022-08-10 01:25:04,66.5606,67.7975,52.18,64,5,5.84,clear sky,0.0,0.0
320,Homer,US,2022-08-10 01:25:05,59.6425,-151.5483,54.81,88,100,1.99,light rain,0.0,0.0
321,Nelson Bay,AU,2022-08-10 01:25:05,-32.7167,152.15,62.01,91,99,3.0,light rain,0.0,0.0
322,Harper,LR,2022-08-10 01:25:05,4.375,-7.7169,74.62,79,100,10.54,overcast clouds,0.0,0.0
323,Ternate,ID,2022-08-10 01:25:06,0.8,127.4,81.77,76,99,2.37,overcast clouds,0.0,0.0
324,Port Hardy,CA,2022-08-10 01:23:07,50.6996,-127.4199,62.78,77,0,5.75,fog,0.0,0.0
325,Bunia,CD,2022-08-10 01:25:06,1.5667,30.25,64.63,88,100,2.75,light rain,0.0,0.0
326,Shahreza,IR,2022-08-10 01:25:07,32.0339,51.8794,78.57,26,39,4.07,scattered clouds,0.0,0.0
327,Ostrovnoy,RU,2022-08-10 01:25:07,68.0531,39.5131,51.96,74,97,16.55,overcast clouds,0.0,0.0
328,Pingyin,CN,2022-08-10 01:25:07,36.2831,116.4453,72.01,91,97,4.03,overcast clouds,0.0,0.0
329,Alofi,NU,2022-08-10 01:25:08,-19.0595,-169.9187,78.69,78,75,8.05,broken clouds,0.0,0.0
330,Ergani,TR,2022-08-10 01:25:08,38.2653,39.7621,74.62,59,0,0.87,clear sky,0.0,0.0
331,Lahij,YE,2022-08-10 01:25:09,13.1667,44.5833,84.0,67,100,3.29,light rain,0.0,0.0
332,Aberdeen,GB,2022-08-10 01:25:09,57.1437,-2.0981,63.5,77,100,2.3,overcast clouds,0.0,0.0
333,Mount Gambier,AU,2022-08-10 01:25:09,-37.8333,140.7667,50.54,62,100,11.86,overcast clouds,0.0,0.0
334,Leninogorsk,RU,2022-08-10 01:25:10,54.6026,52.4609,64.92,78,65,1.32,broken clouds,0.0,0.0
335,Saint-Joseph,RE,2022-08-10 01:25:10,-21.3667,55.6167,64.78,75,71,16.64,broken clouds,0.0,0.0
336,Nome,US,2022-08-10 01:20:21,64.5011,-165.4064,54.16,71,0,14.97,clear sky,0.0,0.0
337,Paamiut,GL,2022-08-10 01:25:11,61.994,-49.6678,42.17,87,100,9.75,overcast clouds,0.0,0.0
338,Jasper,US,2022-08-10 01:25:11,37.2001,-94.3502,82.31,71,76,7.67,broken clouds,0.0,0.0
339,Thinadhoo,MV,2022-08-10 01:21:16,0.5333,72.9333,81.39,71,47,3.65,scattered clouds,0.0,0.0
340,Grand Gaube,MU,2022-08-10 01:25:11,-20.0064,57.6608,70.2,67,50,5.99,scattered clouds,0.0,0.0
341,Kulhudhuffushi,MV,2022-08-10 01:25:12,6.6221,73.07,80.8,80,99,11.16,overcast clouds,0.0,0.0
342,Bo Phloi,TH,2022-08-10 01:25:12,14.3236,99.5161,75.33,90,100,4.72,overcast clouds,0.0,0.0
343,Arroio Grande,BR,2022-08-10 01:25:13,-32.2375,-53.0869,47.61,85,99,7.09,overcast clouds,0.0,0.0
344,Muscat,OM,2022-08-10 01:21:46,23.6139,58.5922,87.82,62,80,8.03,broken clouds,0.0,0.0
345,Nanakuli,US,2022-08-10 01:25:13,21.3906,-158.1547,89.55,54,40,13.8,scattered clouds,0.0,0.0
346,Haines Junction,CA,2022-08-10 01:25:14,60.7522,-137.5108,66.15,34,100,10.36,overcast clouds,0.0,0.0
347,Canto Do Buriti,BR,2022-08-10 01:25:14,-8.11,-42.9444,71.38,27,5,3.74,clear sky,0.0,0.0
348,Chokurdakh,RU,2022-08-10 01:23:01,70.6333,147.9167,62.1,52,5,8.72,clear sky,0.0,0.0
349,Katyuzhanka,UA,2022-08-10 01:25:15,50.806,30.1376,63.59,69,100,7.47,overcast clouds,0.0,0.0
350,Guerrero Negro,MX,2022-08-10 01:22:45,27.9769,-114.0611,79.34,61,24,14.83,few clouds,0.0,0.0
351,Kupang,ID,2022-08-10 01:25:15,-10.1667,123.5833,83.59,62,8,10.6,clear sky,0.0,0.0
352,Coihaique,CL,2022-08-10 01:25:16,-45.5752,-72.0662,44.55,70,75,4.61,broken clouds,0.0,0.0
353,Nouakchott,MR,2022-08-10 01:25:16,18.0858,-15.9785,80.53,85,8,20.18,clear sky,0.0,0.0
354,Gat,IL,2022-08-10 01:25:16,31.61,34.7642,77.68,100,0,1.14,clear sky,0.0,0.0
355,Dharchula,IN,2022-08-10 01:25:17,29.85,80.5333,75.34,90,100,0.87,overcast clouds,0.0,0.0
356,Aginskoye,RU,2022-08-10 01:25:17,51.1,114.53,61.09,52,15,15.41,few clouds,0.0,0.0
357,Huilong,CN,2022-08-10 01:25:18,31.8111,121.655,86.83,77,100,6.76,overcast clouds,0.0,0.0
358,Ukiah,US,2022-08-10 01:25:18,39.1502,-123.2078,82.44,47,0,13.8,clear sky,0.0,0.0
359,Talkha,EG,2022-08-10 01:25:18,31.0539,31.3779,71.98,87,0,3.51,clear sky,0.0,0.0
360,Chimoio,MZ,2022-08-10 01:24:44,-19.1164,33.4833,58.98,95,70,1.3,broken clouds,0.0,0.0
361,Husavik,IS,2022-08-10 01:25:19,66.0449,-17.3389,52.34,91,100,0.31,overcast clouds,0.0,0.0
362,Tutoia,BR,2022-08-10 01:25:19,-2.7619,-42.2744,79.14,84,13,13.09,few clouds,0.0,0.0
363,Havelock,US,2022-08-10 01:23:50,34.8791,-76.9013,85.98,84,7,1.01,clear sky,0.0,0.0
364,Baoqing,CN,2022-08-10 01:25:20,46.3317,132.2111,75.94,50,3,17.9,clear sky,0.0,0.0
365,Severo-Kurilsk,RU,2022-08-10 01:24:37,50.6789,156.125,56.07,98,100,15.79,overcast clouds,0.0,0.0
366,Kirksville,US,2022-08-10 01:25:20,40.1948,-92.5833,73.81,77,0,5.75,clear sky,0.0,0.0
367,Akdepe,TM,2022-08-10 01:25:21,42.0551,59.3788,68.09,42,0,7.94,clear sky,0.0,0.0
368,Hasaki,JP,2022-08-10 01:25:21,35.7333,140.8333,95.29,81,91,24.61,overcast clouds,0.0,0.0
369,Ulaangom,MN,2022-08-10 01:25:21,49.9811,92.0667,67.55,57,6,0.67,clear sky,0.0,0.0
370,Champerico,GT,2022-08-10 01:25:14,14.3,-91.9167,76.15,86,100,10.11,overcast clouds,0.0,0.0
371,Tiznit,MA,2022-08-10 01:25:22,29.5833,-9.5,67.42,75,0,1.81,clear sky,0.0,0.0
372,Tehachapi,US,2022-08-10 01:25:22,35.1322,-118.449,91.4,30,10,10.0,clear sky,0.0,0.0
373,Moyale,KE,2022-08-10 01:25:23,3.5167,39.0584,66.47,57,100,16.53,overcast clouds,0.0,0.0
374,Kisangani,CD,2022-08-10 01:25:23,0.5167,25.2,71.44,74,95,2.44,overcast clouds,0.0,0.0
375,Koosa,EE,2022-08-10 01:25:23,58.5255,27.0795,53.2,80,3,3.47,clear sky,0.0,0.0
376,Dongsheng,CN,2022-08-10 01:25:24,39.8161,109.9776,67.39,74,95,4.07,overcast clouds,0.0,0.0
377,Logan Lake,CA,2022-08-10 01:25:24,50.4998,-120.8025,85.84,27,100,9.93,overcast clouds,0.0,0.0
378,Raudeberg,NO,2022-08-10 01:25:25,61.9875,5.1352,59.95,53,100,30.58,overcast clouds,0.0,0.0
379,Ibra,OM,2022-08-10 01:25:25,22.6906,58.5334,86.88,51,91,3.29,overcast clouds,0.0,0.0
380,Berdigestyakh,RU,2022-08-10 01:25:25,62.0989,126.6992,65.46,60,63,9.48,broken clouds,0.0,0.0
381,Goderich,CA,2022-08-10 01:25:26,43.7501,-81.7165,66.9,82,6,3.44,clear sky,0.0,0.0
382,Iqaluit,CA,2022-08-10 01:25:26,63.7506,-68.5145,49.73,66,40,0.0,scattered clouds,0.0,0.0
383,Cayenne,GF,2022-08-10 01:24:38,4.9333,-52.3333,82.09,1,0,1.99,clear sky,0.0,0.0
384,Vestmannaeyjar,IS,2022-08-10 01:25:26,63.4427,-20.2734,52.48,92,100,23.0,overcast clouds,0.0,0.0
385,Lichinga,MZ,2022-08-10 01:25:27,-13.3128,35.2406,55.08,62,0,3.96,clear sky,0.0,0.0
386,Villa Bruzual,VE,2022-08-10 01:25:27,9.3328,-69.1208,75.76,93,26,1.12,light rain,0.0,0.0
387,Balkanabat,TM,2022-08-10 01:25:27,39.5108,54.3671,87.85,23,65,9.57,broken clouds,0.0,0.0
388,Mayo,US,2022-08-10 01:25:28,38.8876,-76.5119,87.75,83,0,4.61,clear sky,0.0,0.0
389,Brokopondo,SR,2022-08-10 01:25:28,4.75,-55.1667,81.84,71,43,5.77,scattered clouds,0.0,0.0
390,Voskresenskoye,RU,2022-08-10 01:25:29,56.8381,45.4317,59.25,99,67,3.96,broken clouds,0.0,0.0
391,Mahajanga,MG,2022-08-10 01:25:29,-15.7167,46.3167,62.62,77,0,2.3,clear sky,0.0,0.0
392,Kirkland Lake,CA,2022-08-10 01:25:30,48.1446,-80.0377,66.49,59,0,5.97,clear sky,0.0,0.0
393,Porto Velho,BR,2022-08-10 01:25:30,-8.7619,-63.9039,73.45,94,0,2.3,clear sky,0.0,0.0
394,Santa Marta,CO,2022-08-10 01:23:34,11.2408,-74.199,86.05,70,20,2.3,few clouds,0.0,0.0
395,Artyshta,RU,2022-08-10 01:25:31,54.1222,86.2909,60.91,73,0,3.6,clear sky,0.0,0.0
396,Monterey,US,2022-08-10 01:25:31,36.2505,-121.2516,83.17,40,0,13.47,clear sky,0.0,0.0
397,La Ronge,CA,2022-08-10 01:21:32,55.1001,-105.2842,68.25,34,20,10.36,few clouds,0.0,0.0
398,Coquimbo,CL,2022-08-10 01:25:32,-29.9533,-71.3436,53.33,87,0,2.3,clear sky,0.0,0.0
399,Arica,CL,2022-08-10 01:24:11,-18.475,-70.3042,59.23,77,100,4.61,overcast clouds,0.0,0.0
400,Khovu-Aksy,RU,2022-08-10 01:25:32,51.1333,93.6,60.01,80,86,3.49,overcast clouds,0.0,0.0
401,Nizhniy Ufaley,RU,2022-08-10 01:25:33,55.9153,59.9842,58.46,89,47,1.34,scattered clouds,0.0,0.0
402,Kanye,BW,2022-08-10 01:25:33,-24.9667,25.3327,51.01,34,0,1.97,clear sky,0.0,0.0
403,Alice Springs,AU,2022-08-10 01:21:00,-23.7,133.8833,65.75,30,100,6.91,overcast clouds,0.0,0.0
404,Palapye,BW,2022-08-10 01:25:34,-22.546,27.1251,54.7,78,0,6.26,clear sky,0.0,0.0
405,Kaniama,CD,2022-08-10 01:25:34,-7.5667,24.1833,70.52,33,0,4.09,clear sky,0.0,0.0
406,Thompson,CA,2022-08-10 01:22:14,55.7435,-97.8558,55.56,94,75,11.5,broken clouds,0.0,0.0
407,Jalu,LY,2022-08-10 01:25:35,29.0331,21.5482,80.58,60,0,13.0,clear sky,0.0,0.0
408,Saint-Louis,SN,2022-08-10 01:25:35,16.3333,-15.0,82.06,68,14,17.43,few clouds,0.0,0.0
409,Guozhen,CN,2022-08-10 01:25:36,34.3659,107.359,81.95,76,95,6.13,overcast clouds,0.0,0.0
410,Uporovo,RU,2022-08-10 01:25:36,56.3109,66.2693,62.22,83,6,6.51,clear sky,0.0,0.0
411,Manjakandriana,MG,2022-08-10 01:25:37,-18.9167,47.8,47.89,95,40,4.21,scattered clouds,0.0,0.0
412,Khani,GE,2022-08-10 01:25:37,41.9563,42.9566,74.77,75,22,5.35,light rain,0.0,0.0
413,Itapeva,BR,2022-08-10 01:25:37,-23.9822,-48.8756,60.91,97,100,10.92,moderate rain,0.0,0.0
414,Ahtopol,BG,2022-08-10 01:25:38,42.1,27.95,76.03,69,0,21.83,clear sky,0.0,0.0
415,Soyo,AO,2022-08-10 01:25:38,-6.1349,12.3689,68.9,94,12,8.93,few clouds,0.0,0.0
416,Svetlaya,RU,2022-08-10 01:25:39,46.5389,138.3297,74.32,50,0,8.59,clear sky,0.0,0.0
417,Zabid,YE,2022-08-10 01:25:40,14.1951,43.3152,82.96,79,100,3.0,overcast clouds,0.0,0.0
418,Yatou,CN,2022-08-10 01:23:56,37.15,122.3833,69.19,97,100,5.5,overcast clouds,0.0,0.0
419,Funtua,NG,2022-08-10 01:25:40,11.5233,7.3081,69.31,93,12,7.05,few clouds,0.0,0.0
420,Palana,RU,2022-08-10 01:25:40,59.1167,159.9667,59.23,63,100,2.13,overcast clouds,0.0,0.0
421,Khawhai,IN,2022-08-10 01:25:41,23.3667,93.1167,62.47,97,100,1.86,overcast clouds,0.0,0.0
422,Linjiang,CN,2022-08-10 01:25:41,41.8069,126.9078,74.07,53,0,2.75,clear sky,0.0,0.0
423,Kaffrine,SN,2022-08-10 01:25:42,14.1059,-15.5508,80.31,82,57,10.49,broken clouds,0.0,0.0
424,Guaruja,BR,2022-08-10 01:25:42,-23.9931,-46.2564,68.9,26,100,5.3,overcast clouds,0.0,0.0
425,Komsomolskiy,UZ,2022-08-10 01:25:42,40.4272,71.7189,77.72,41,64,9.22,broken clouds,0.0,0.0
426,Srikakulam,IN,2022-08-10 01:25:43,18.3,83.9,77.94,83,100,10.16,overcast clouds,0.0,0.0
427,Tateyama,JP,2022-08-10 01:25:43,34.9833,139.8667,83.14,83,67,20.36,broken clouds,0.0,0.0
428,Ust-Nera,RU,2022-08-10 01:25:44,64.5667,143.2,75.2,42,100,2.39,overcast clouds,0.0,0.0
429,The Pas,CA,2022-08-10 01:25:44,53.8251,-101.2541,66.22,55,20,11.5,few clouds,0.0,0.0
430,Bemidji,US,2022-08-10 01:25:44,47.4736,-94.8803,77.92,78,40,0.0,scattered clouds,0.0,0.0
431,Alta Floresta,BR,2022-08-10 01:25:45,-9.8756,-56.0861,78.15,67,34,9.35,scattered clouds,0.0,0.0
432,Aljezur,PT,2022-08-10 01:25:45,37.3191,-8.8033,62.38,92,0,3.04,clear sky,0.0,0.0
433,Pacific Grove,US,2022-08-10 01:23:34,36.6177,-121.9166,76.44,77,0,10.36,clear sky,0.0,0.0
434,Wilmington,US,2022-08-10 01:21:33,34.2257,-77.9447,82.99,69,0,8.05,clear sky,0.0,0.0
435,Maningrida,AU,2022-08-10 01:25:46,-12.0667,134.2667,83.46,48,2,10.18,clear sky,0.0,0.0
436,Mazatlan,MX,2022-08-10 01:23:00,23.2167,-106.4167,85.96,83,100,8.05,overcast clouds,0.0,0.0
437,Paragominas,BR,2022-08-10 01:25:46,-2.9667,-47.4833,75.04,58,9,3.27,clear sky,0.0,0.0
438,Stornoway,GB,2022-08-10 01:25:47,58.2093,-6.3865,58.96,90,100,20.71,overcast clouds,0.0,0.0
439,Pilot Butte,CA,2022-08-10 01:25:47,50.4668,-104.4178,74.82,38,20,8.05,few clouds,0.0,0.0
440,Hukuntsi,BW,2022-08-10 01:25:47,-24.0,21.75,54.86,20,0,7.34,clear sky,0.0,0.0
441,Jabalpur,IN,2022-08-10 01:25:48,23.167,79.9501,75.4,94,94,9.86,overcast clouds,0.0,0.0
442,Bara,NG,2022-08-10 01:22:11,10.3744,10.7288,74.73,84,45,5.39,scattered clouds,0.0,0.0
443,Ishigaki,JP,2022-08-10 01:22:21,24.3448,124.1572,89.73,70,20,6.91,few clouds,0.0,0.0
444,Neryungri,RU,2022-08-10 01:25:48,56.6709,124.6491,49.39,97,100,10.31,light rain,0.0,0.0
445,Guane,CU,2022-08-10 01:25:49,22.2025,-84.0875,79.43,84,96,6.06,overcast clouds,0.0,0.0
446,Albanel,CA,2022-08-10 01:25:49,48.8832,-72.4487,59.14,82,0,2.3,clear sky,0.0,0.0
447,Matara,LK,2022-08-10 01:25:49,5.9485,80.5353,76.42,90,97,9.53,overcast clouds,0.0,0.0
448,Burns Lake,CA,2022-08-10 01:25:50,54.2331,-125.7533,80.02,27,0,2.84,clear sky,0.0,0.0
449,Novoagansk,RU,2022-08-10 01:25:50,61.9449,76.6625,60.69,61,40,9.71,scattered clouds,0.0,0.0
450,Tolaga Bay,NZ,2022-08-10 01:25:51,-38.3667,178.3,53.2,67,77,14.67,broken clouds,0.0,0.0
451,Port Angeles,US,2022-08-10 01:25:21,48.1181,-123.4307,75.22,80,0,16.11,clear sky,0.0,0.0
452,Muisne,EC,2022-08-10 01:25:51,0.6,-80.0333,74.75,87,100,9.33,overcast clouds,0.0,0.0
453,Bereda,ES,2022-08-10 01:25:51,43.2686,-7.5406,64.15,100,64,2.68,broken clouds,0.0,0.0
454,Pierre,US,2022-08-10 01:25:52,44.3683,-100.351,90.86,37,0,11.5,clear sky,0.0,0.0
455,Obo,CF,2022-08-10 01:25:52,5.3998,26.4869,67.98,96,96,1.97,light rain,0.0,0.0
456,Ratnagiri,IN,2022-08-10 01:25:52,16.9833,73.3,79.81,83,100,18.95,overcast clouds,0.0,0.0
457,Napier,NZ,2022-08-10 01:22:42,-39.4833,176.9167,47.28,89,100,4.0,overcast clouds,0.0,0.0
458,Bilma,NE,2022-08-10 01:25:53,18.6853,12.9164,92.21,31,32,7.78,scattered clouds,0.0,0.0
459,Namatanai,PG,2022-08-10 01:23:11,-3.6667,152.4333,84.0,68,100,1.59,light rain,0.0,0.0
460,Isetskoye,RU,2022-08-10 01:25:53,56.4858,65.3226,62.67,82,6,5.7,clear sky,0.0,0.0
461,Ingham,US,2022-08-10 01:25:54,42.6,-84.3833,69.42,82,0,0.0,clear sky,0.0,0.0
462,Yar-Sale,RU,2022-08-10 01:25:54,66.8333,70.8333,51.37,64,22,8.81,few clouds,0.0,0.0
463,Cotonou,BJ,2022-08-10 01:25:55,6.3654,2.4183,75.18,94,20,8.05,few clouds,0.0,0.0
464,Constitucion,CL,2022-08-10 01:25:55,-35.3333,-72.4167,50.94,69,100,5.19,overcast clouds,0.0,0.0
465,Progreso,MX,2022-08-10 01:25:55,21.2833,-89.6667,77.11,80,9,10.76,clear sky,0.0,0.0
466,Noyabrsk,RU,2022-08-10 01:25:56,63.1994,75.4507,58.66,63,24,8.32,few clouds,0.0,0.0
467,Mariental,NA,2022-08-10 01:25:56,-24.6333,17.9667,54.52,15,0,3.38,clear sky,0.0,0.0
468,Flin Flon,CA,2022-08-10 01:25:58,54.7682,-101.865,61.27,51,54,11.79,broken clouds,0.0,0.0
469,Bilibino,RU,2022-08-10 01:21:38,68.0546,166.4372,66.52,71,100,5.86,overcast clouds,0.0,0.0
470,Birobidzhan,RU,2022-08-10 01:25:58,48.8,132.95,68.2,69,3,7.87,clear sky,0.0,0.0
471,Tambun,ID,2022-08-10 01:25:59,-6.2641,107.0712,84.09,68,100,2.37,overcast clouds,0.0,0.0
472,Salalah,OM,2022-08-10 01:25:59,17.0151,54.0924,75.29,100,100,5.75,light intensity drizzle,0.0,0.0
473,Kieta,PG,2022-08-10 01:23:33,-6.2167,155.6333,85.03,68,100,4.14,overcast clouds,0.0,0.0
474,Broken Hill,AU,2022-08-10 01:25:44,-31.95,141.4333,54.5,43,100,16.04,light rain,0.0,0.0
475,Taldan,RU,2022-08-10 01:26:00,53.6667,124.8,58.96,82,100,5.82,light rain,0.0,0.0
476,Naryan-Mar,RU,2022-08-10 01:26:00,67.6713,53.087,47.61,79,99,7.36,overcast clouds,0.0,0.0
477,Pekan,MY,2022-08-10 01:26:00,3.4836,103.3996,80.71,83,89,5.86,overcast clouds,0.0,0.0
478,Rio Brilhante,BR,2022-08-10 01:26:01,-21.8019,-54.5464,53.6,84,6,7.67,clear sky,0.0,0.0
479,Ploemeur,FR,2022-08-10 01:26:01,47.7333,-3.4333,68.83,67,0,11.5,clear sky,0.0,0.0
480,Kourou,GF,2022-08-10 01:25:45,5.1552,-52.6478,82.11,86,56,9.75,broken clouds,0.0,0.0
481,Airai,TL,2022-08-10 01:21:33,-8.9266,125.4092,70.16,53,11,4.5,few clouds,0.0,0.0
482,Wanning,CN,2022-08-10 01:26:02,18.8003,110.3967,79.84,86,100,5.46,light rain,0.0,0.0
483,Kainantu,PG,2022-08-10 01:26:03,-6.2887,145.8655,74.82,55,93,4.94,overcast clouds,0.0,0.0
484,Sydney,AU,2022-08-10 01:22:58,-33.8679,151.2073,60.89,76,83,4.0,broken clouds,0.0,0.0
485,Abalak,RU,2022-08-10 01:26:03,58.1286,68.5944,63.5,78,4,4.61,clear sky,0.0,0.0
486,Codrington,AU,2022-08-10 01:22:58,-38.2667,141.9667,51.6,64,100,13.6,overcast clouds,0.0,0.0
487,Mamallapuram,IN,2022-08-10 01:26:03,12.6264,80.1722,83.05,60,99,10.8,overcast clouds,0.0,0.0
488,Saldanha,ZA,2022-08-10 01:26:04,-33.0117,17.9442,54.27,91,37,8.84,scattered clouds,0.0,0.0
489,Bowen,AU,2022-08-10 01:26:04,-20.0167,148.2333,68.86,55,39,15.66,scattered clouds,0.0,0.0
490,Turukhansk,RU,2022-08-10 01:26:05,65.8167,87.9833,56.03,69,100,13.51,overcast clouds,0.0,0.0
491,Abu Kamal,SY,2022-08-10 01:26:05,34.4506,40.9171,83.32,40,0,11.68,clear sky,0.0,0.0
492,Piacabucu,BR,2022-08-10 01:26:05,-10.4056,-36.4344,72.28,83,8,5.23,clear sky,0.0,0.0
493,Karaton,ID,2022-08-10 01:26:06,-6.3424,106.1045,79.36,75,68,1.16,broken clouds,0.0,0.0
494,Laguna,US,2022-08-10 01:23:43,38.421,-121.4238,90.95,38,0,16.11,clear sky,0.0,0.0
495,Port-Gentil,GA,2022-08-10 01:26:07,-0.7193,8.7815,74.37,88,100,12.24,light rain,0.0,0.0
496,Bereznik,RU,2022-08-10 01:26:07,62.8551,42.7072,54.72,87,100,2.8,overcast clouds,0.0,0.0
497,Kichera,RU,2022-08-10 01:26:07,55.9375,110.0997,59.9,59,100,4.0,overcast clouds,0.0,0.0
498,Kambove,CD,2022-08-10 01:26:08,-10.8764,26.5969,57.7,38,0,5.28,clear sky,0.0,0.0
499,Nueve De Julio,AR,2022-08-10 01:26:08,-35.4444,-60.8831,41.97,81,4,1.01,clear sky,0.0,0.0
500,Methoni,GR,2022-08-10 01:26:09,36.8197,21.7049,78.22,43,0,5.61,clear sky,0.0,0.0
501,San Vicente,AR,2022-08-10 01:26:09,-26.6167,-54.1333,47.8,99,100,6.73,overcast clouds,0.0,0.0
502,Pimentel,PE,2022-08-10 01:26:10,-6.8367,-79.9342,62.62,85,75,13.18,broken clouds,0.0,0.0
503,Kroonstad,ZA,2022-08-10 01:26:10,-27.6504,27.2349,49.6,49,0,0.18,clear sky,0.0,0.0
504,Shelburne,CA,2022-08-10 01:21:27,44.0787,-80.2041,59.79,91,22,4.32,few clouds,0.0,0.0
505,Colac,AU,2022-08-10 01:26:10,-38.3333,143.5833,46.83,61,100,9.48,overcast clouds,0.0,0.0
506,Lebanon,US,2022-08-10 01:21:11,36.2081,-86.2911,77.79,90,40,3.44,scattered clouds,0.0,0.0
507,Scarborough,GB,2022-08-10 01:21:44,54.2797,-0.4044,62.33,82,18,6.26,few clouds,0.0,0.0
508,Abu Dhabi,AE,2022-08-10 01:21:46,24.4667,54.3667,91.51,81,93,2.3,overcast clouds,0.0,0.0
509,Matay,EG,2022-08-10 01:26:11,28.419,30.7792,82.02,51,0,13.13,clear sky,0.0,0.0
510,Mnogovershinnyy,RU,2022-08-10 01:26:11,53.9353,139.9242,59.77,75,86,1.77,light rain,0.0,0.0
511,Sri Aman,MY,2022-08-10 01:26:12,1.2376,111.4621,80.65,83,20,4.61,few clouds,0.0,0.0
512,Talara,PE,2022-08-10 01:26:12,-4.5772,-81.2719,63.21,89,53,15.05,broken clouds,0.0,0.0
513,Kamaishi,JP,2022-08-10 01:26:12,39.2667,141.8833,81.32,74,98,1.5,overcast clouds,0.0,0.0
514,Esso,RU,2022-08-10 01:26:13,55.9333,158.7,53.51,97,100,7.11,light rain,0.0,0.0
515,Belmonte,BR,2022-08-10 01:26:13,-15.8631,-38.8828,71.44,78,70,5.75,broken clouds,0.0,0.0
516,Vila Franca Do Campo,PT,2022-08-10 01:26:14,37.7167,-25.4333,70.21,81,1,4.68,clear sky,0.0,0.0
517,Orai,IN,2022-08-10 01:26:14,25.9833,79.4667,82.85,75,0,11.97,clear sky,0.0,0.0
518,Hay River,CA,2022-08-10 01:26:15,60.8156,-115.7999,76.98,31,40,12.66,scattered clouds,0.0,0.0
519,Kununurra,AU,2022-08-10 01:21:33,-15.7667,128.7333,84.18,30,13,5.75,few clouds,0.0,0.0
520,Oum Hadjer,TD,2022-08-10 01:26:15,13.2954,19.6966,73.2,87,100,21.3,light rain,0.0,0.0
521,Faanui,PF,2022-08-10 01:26:16,-16.4833,-151.75,74.68,78,100,7.29,light rain,0.0,0.0
522,Felanitx,ES,2022-08-10 01:26:16,39.4696,3.1483,77.95,60,0,4.81,clear sky,0.0,0.0
523,Borovichi,RU,2022-08-10 01:26:16,58.3878,33.9155,56.82,82,99,3.31,overcast clouds,0.0,0.0
524,Abha,SA,2022-08-10 01:26:17,18.2164,42.5053,64.22,88,0,4.61,clear sky,0.0,0.0
525,Tilichiki,RU,2022-08-10 01:26:17,60.4667,166.1,54.91,80,100,17.34,overcast clouds,0.0,0.0
526,Talcahuano,CL,2022-08-10 01:26:17,-36.7167,-73.1167,49.68,87,100,3.44,overcast clouds,0.0,0.0
527,Kerchevskiy,RU,2022-08-10 01:26:18,59.946,56.2884,58.77,94,100,3.38,overcast clouds,0.0,0.0
528,Waipawa,NZ,2022-08-10 01:26:18,-41.4122,175.5153,43.38,67,100,8.99,overcast clouds,0.0,0.0
529,Skibbereen,IE,2022-08-10 01:26:19,51.55,-9.2667,55.11,78,0,5.84,clear sky,0.0,0.0
530,Benjamin Constant,BR,2022-08-10 01:26:19,-4.3831,-70.0311,78.93,78,100,2.28,overcast clouds,0.0,0.0
531,Mana,GF,2022-08-10 01:26:20,5.6592,-53.7767,79.47,85,23,13.2,few clouds,0.0,0.0
532,Isiro,CD,2022-08-10 01:26:20,2.7739,27.616,66.56,98,100,1.25,overcast clouds,0.0,0.0
533,Salinopolis,BR,2022-08-10 01:26:20,-0.6136,-47.3561,78.62,85,9,11.74,clear sky,0.0,0.0
534,Praia Da Vitoria,PT,2022-08-10 01:26:21,38.7333,-27.0667,70.05,88,20,4.94,few clouds,0.0,0.0
535,Kenai,US,2022-08-10 01:26:21,60.5544,-151.2583,56.03,85,100,8.05,light rain,0.0,0.0
536,Ossora,RU,2022-08-10 01:22:25,59.2353,163.0719,58.51,82,100,17.94,overcast clouds,0.0,0.0
537,Naqadeh,IR,2022-08-10 01:26:22,36.9553,45.388,68.74,66,0,3.24,clear sky,0.0,0.0
538,San Vicente De Canete,PE,2022-08-10 01:26:22,-13.0751,-76.3835,61.2,86,48,3.31,scattered clouds,0.0,0.0
539,Tokur,RU,2022-08-10 01:26:23,53.1333,132.9,47.08,98,100,3.13,light rain,0.0,0.0
540,Roma,US,2022-08-10 01:26:23,43.2128,-75.4557,68.5,87,100,1.99,overcast clouds,0.0,0.0
541,Sechura,PE,2022-08-10 01:26:23,-5.5569,-80.8222,63.97,79,28,16.22,scattered clouds,0.0,0.0
542,Batticaloa,LK,2022-08-10 01:26:24,7.7102,81.6924,78.06,58,100,5.48,overcast clouds,0.0,0.0
543,Los Llanos De Aridane,ES,2022-08-10 01:26:24,28.6585,-17.9182,72.12,69,75,9.22,broken clouds,0.0,0.0
544,Zhigansk,RU,2022-08-10 01:26:24,66.7697,123.3711,63.18,55,1,11.27,clear sky,0.0,0.0
545,Jiuquan,CN,2022-08-10 01:26:25,39.7432,98.5174,76.44,55,10,0.92,clear sky,0.0,0.0
546,Kavieng,PG,2022-08-10 01:26:25,-2.5744,150.7967,82.4,72,100,3.74,overcast clouds,0.0,0.0
547,Araceli,PH,2022-08-10 01:24:07,10.5529,119.9913,82.81,76,97,5.1,overcast clouds,0.0,0.0
548,Paka,MY,2022-08-10 01:26:26,4.6374,103.4368,76.93,100,40,0.0,light rain,0.0,0.0
549,Saint-Jean-De-Braye,FR,2022-08-10 01:26:26,47.913,1.9771,70.92,54,0,10.36,clear sky,0.0,0.0
550,Balabac,PH,2022-08-10 01:24:06,7.9868,117.0645,84.2,71,75,6.44,broken clouds,0.0,0.0
551,Isangel,VU,2022-08-10 01:26:27,-19.55,169.2667,70.57,83,100,14.94,overcast clouds,0.0,0.0
552,West Wendover,US,2022-08-10 01:26:28,40.7391,-114.0733,92.41,17,0,8.05,clear sky,0.0,0.0
553,Panji,ID,2022-08-10 01:26:28,-7.7253,114.0995,84.83,55,76,2.46,broken clouds,0.0,0.0
554,Takaungu,KE,2022-08-10 01:26:29,-3.6837,39.8566,70.29,87,65,14.54,light rain,0.0,0.0
555,Sennoy,RU,2022-08-10 01:26:29,52.1509,46.9631,66.2,66,8,3.44,clear sky,0.0,0.0
556,Yerbogachen,RU,2022-08-10 01:26:30,61.2767,108.0108,58.01,72,100,2.93,overcast clouds,0.0,0.0
557,Bucerias,MX,2022-08-10 01:26:30,20.75,-105.3333,84.97,70,75,8.05,broken clouds,0.0,0.0
558,Torbay,CA,2022-08-10 01:22:44,47.6666,-52.7314,56.57,95,100,19.57,heavy intensity rain,0.0,0.0
559,Pankrushikha,RU,2022-08-10 01:26:30,53.8319,80.3406,63.37,70,91,10.8,overcast clouds,0.0,0.0
560,Kolomyya,UA,2022-08-10 01:26:31,48.5306,25.0403,57.24,96,100,3.24,overcast clouds,0.0,0.0
561,Lebyazhye,RU,2022-08-10 01:26:31,55.2689,66.4947,62.33,85,50,7.31,scattered clouds,0.0,0.0
562,Djibo,BF,2022-08-10 01:26:32,14.1022,-1.6306,79.07,65,100,9.42,overcast clouds,0.0,0.0
563,Pribyslav,CZ,2022-08-10 01:26:32,49.5768,15.7386,59.97,47,11,2.82,few clouds,0.0,0.0
564,Iranshahr,IR,2022-08-10 01:26:32,27.2025,60.6848,90.01,47,100,2.68,overcast clouds,0.0,0.0
565,Charters Towers,AU,2022-08-10 01:26:33,-20.1,146.2667,68.85,38,6,14.7,clear sky,0.0,0.0
566,Kyzyl-Suu,KG,2022-08-10 01:26:33,42.3414,78.0056,62.17,73,100,0.87,light rain,0.0,0.0
567,Kropotkin,RU,2022-08-10 01:26:33,45.4375,40.5756,72.68,41,0,13.06,clear sky,0.0,0.0
568,San Miguel,SV,2022-08-10 01:26:34,13.4833,-88.1833,73.92,98,100,5.23,overcast clouds,0.0,0.0
569,Pereira Barreto,BR,2022-08-10 01:26:34,-20.6383,-51.1092,58.17,88,100,12.21,overcast clouds,0.0,0.0
570,Changqing,CN,2022-08-10 01:26:35,36.5575,116.7272,71.56,90,100,4.05,moderate rain,0.0,0.0
571,Syracuse,IT,2022-08-10 01:24:48,37.0881,15.2792,73.31,59,1,3.02,clear sky,0.0,0.0
572,Nedjo,ET,2022-08-10 01:26:35,9.5046,35.5019,58.5,99,100,4.81,light rain,0.0,0.0
573,Linhares,BR,2022-08-10 01:26:35,-19.3911,-40.0722,68.23,87,100,3.87,overcast clouds,0.0,0.0
574,Semirom,IR,2022-08-10 01:26:36,31.4167,51.5667,71.38,34,67,2.57,broken clouds,0.0,0.0
575,Kalengwa,ZM,2022-08-10 01:26:36,-13.4659,25.0027,52.25,35,0,4.97,clear sky,0.0,0.0
576,Nhulunbuy,AU,2022-08-10 01:26:37,-12.2333,136.7667,83.01,65,40,12.66,scattered clouds,0.0,0.0
577,Encrucijada,CU,2022-08-10 01:26:37,22.6169,-79.8711,81.16,89,75,8.05,broken clouds,0.0,0.0
578,Maypangdan,PH,2022-08-10 01:26:37,11.6519,125.4503,81.07,78,100,1.72,overcast clouds,0.0,0.0
579,Nha Trang,VN,2022-08-10 01:26:38,12.25,109.1833,86.0,76,100,6.15,overcast clouds,0.0,0.0
580,Valparaiso,CL,2022-08-10 01:22:12,-33.0393,-71.6273,46.04,81,0,4.61,clear sky,0.0,0.0
581,Namibe,AO,2022-08-10 01:26:38,-15.1961,12.1522,63.36,88,37,3.11,scattered clouds,0.0,0.0
582,Westport,US,2022-08-10 01:26:39,41.1415,-73.3579,83.53,84,100,4.61,overcast clouds,0.0,0.0
583,Tralee,IE,2022-08-10 01:26:39,52.2704,-9.7026,54.09,74,0,2.71,clear sky,0.0,0.0
584,Margate,GB,2022-08-10 01:26:39,51.3813,1.3862,65.7,89,12,1.99,few clouds,0.0,0.0
585,Chekhov,RU,2022-08-10 01:26:40,55.1431,37.4711,60.69,97,100,5.53,overcast clouds,0.0,0.0
586,Canutama,BR,2022-08-10 01:26:40,-6.5339,-64.3831,80.19,61,100,2.66,overcast clouds,0.0,0.0
587,Dali,CN,2022-08-10 01:26:41,25.7,100.1833,67.5,82,1,3.24,clear sky,0.0,0.0
588,Beira,MZ,2022-08-10 01:26:41,-19.8436,34.8389,68.09,100,75,0.0,broken clouds,0.0,0.0
589,Hamilton,US,2022-08-10 01:24:27,39.1834,-84.5333,79.21,85,100,11.5,overcast clouds,0.0,0.0
590,Simpang,ID,2022-08-10 01:26:42,-1.2667,104.0833,79.27,83,12,4.23,few clouds,0.0,0.0
591,Mumford,GH,2022-08-10 01:26:42,5.2618,-0.759,72.61,93,100,8.77,overcast clouds,0.0,0.0
592,Sosnovo-Ozerskoye,RU,2022-08-10 01:26:42,52.5249,111.5418,57.43,53,0,5.28,clear sky,0.0,0.0
593,Tura,IN,2022-08-10 01:22:17,25.5198,90.2201,75.78,87,100,5.32,overcast clouds,0.0,0.0
594,Cloquet,US,2022-08-10 01:26:43,46.7216,-92.4594,76.59,64,0,6.24,clear sky,0.0,0.0
595,Urucara,BR,2022-08-10 01:26:43,-2.5364,-57.76,81.48,46,86,2.57,overcast clouds,0.0,0.0
596,Tadine,NC,2022-08-10 01:26:44,-21.55,167.8833,71.37,55,30,16.62,scattered clouds,0.0,0.0
597,Cilegon,ID,2022-08-10 01:26:44,-6.0174,106.0538,81.1,71,99,2.95,overcast clouds,0.0,0.0
598,Terra Santa,BR,2022-08-10 01:26:45,-2.1042,-56.4869,79.2,55,14,2.13,few clouds,0.0,0.0
599,Santa Isabel,BR,2022-08-10 01:26:45,-23.3156,-46.2214,63.7,98,100,2.06,moderate rain,0.0,0.0
600,Obihiro,JP,2022-08-10 01:24:19,42.9172,143.2044,72.81,90,100,3.62,heavy intensity rain,0.0,0.0
601,Bowling Green,US,2022-08-10 01:26:45,36.9903,-86.4436,76.93,78,0,9.22,clear sky,0.0,0.0
602,Saint-Michel-Des-Saints,CA,2022-08-10 01:26:46,46.6834,-73.9159,58.93,91,100,3.15,overcast clouds,0.0,0.0
603,Guantanamo,CU,2022-08-10 01:26:46,20.1444,-75.2092,85.57,77,19,5.75,few clouds,0.0,0.0
604,Bin Qirdan,TN,2022-08-10 01:26:19,33.1378,11.2197,81.16,68,0,7.52,clear sky,0.0,0.0
605,Atlantic City,US,2022-08-10 01:26:46,39.3643,-74.4229,87.98,68,0,5.75,clear sky,0.0,0.0
606,Cabedelo,BR,2022-08-10 01:26:47,-6.9811,-34.8339,74.07,82,0,11.34,clear sky,0.0,0.0
607,Antofagasta,CL,2022-08-10 01:26:47,-23.65,-70.4,56.48,62,9,4.29,clear sky,0.0,0.0
608,Key Biscayne,US,2022-08-10 01:26:48,25.6937,-80.1628,86.02,77,100,16.11,overcast clouds,0.0,0.0
609,Strezhevoy,RU,2022-08-10 01:26:48,60.7333,77.5889,64.56,87,52,10.74,light rain,0.0,0.0
610,Yakeshi,CN,2022-08-10 01:26:49,49.2833,120.7333,60.26,57,98,13.56,overcast clouds,0.0,0.0
611,Ngunguru,NZ,2022-08-10 01:26:49,-35.6167,174.5,56.3,72,3,4.36,clear sky,0.0,0.0
612,Edeia,BR,2022-08-10 01:26:50,-17.3383,-49.9314,72.77,62,100,14.18,overcast clouds,0.0,0.0
613,Altay,CN,2022-08-10 01:26:50,47.8667,88.1167,75.54,33,6,3.58,clear sky,0.0,0.0
614,Maridi,SS,2022-08-10 01:26:50,4.9158,29.4742,66.09,96,80,3.4,broken clouds,0.0,0.0
615,Teguldet,RU,2022-08-10 01:26:50,57.3064,88.1667,61.99,78,19,2.98,few clouds,0.0,0.0
616,Nuevitas,CU,2022-08-10 01:26:51,21.5453,-77.2644,80.4,84,2,12.71,clear sky,0.0,0.0
617,Challans,FR,2022-08-10 01:26:51,46.8436,-1.8749,73.6,45,0,12.01,clear sky,0.0,0.0
618,Demidov,RU,2022-08-10 01:26:52,55.2706,31.515,58.05,78,100,4.65,overcast clouds,0.0,0.0
619,Kota Kinabalu,MY,2022-08-10 01:26:52,5.9749,116.0724,84.18,79,20,1.99,few clouds,0.0,0.0
620,Konstantinovo,BY,2022-08-10 01:26:52,54.6628,29.2699,55.96,89,100,5.59,overcast clouds,0.0,0.0
621,Versoix,CH,2022-08-10 01:26:53,46.2833,6.1667,70.14,46,0,2.3,clear sky,0.0,0.0
622,Omsukchan,RU,2022-08-10 01:22:41,62.5333,155.8,70.27,42,100,9.37,overcast clouds,0.0,0.0
623,Kyabe,TD,2022-08-10 01:26:53,9.4515,18.9449,72.86,96,83,3.49,moderate rain,0.0,0.0
624,Harlingen,US,2022-08-10 01:26:53,26.1906,-97.6961,88.05,79,0,16.11,clear sky,0.0,0.0
625,Slave Lake,CA,2022-08-10 01:25:45,55.2834,-114.769,73.38,38,0,11.5,clear sky,0.0,0.0
626,Mayor Pablo Lagerenza,PY,2022-08-10 01:26:54,-19.9309,-60.7718,57.99,45,0,6.04,clear sky,0.0,0.0
627,Mokhotlong,LS,2022-08-10 01:26:54,-29.2894,29.0675,42.08,56,0,2.95,clear sky,0.0,0.0
628,Bud,US,2022-08-10 01:26:55,39.447,-86.1758,73.33,92,87,7.07,overcast clouds,0.0,0.0
629,Kalmunai,LK,2022-08-10 01:26:55,7.4167,81.8167,77.77,64,100,4.14,overcast clouds,0.0,0.0
630,Eureka,US,2022-08-10 01:26:56,40.8021,-124.1637,71.2,76,39,2.82,scattered clouds,0.0,0.0
631,Bluefield,US,2022-08-10 01:26:56,37.2698,-81.2223,75.31,87,75,4.61,broken clouds,0.0,0.0
632,Sao Geraldo Do Araguaia,BR,2022-08-10 01:26:57,-6.4006,-48.555,80.53,35,22,1.97,few clouds,0.0,0.0
633,Naze,JP,2022-08-10 01:26:57,28.3667,129.4833,85.12,69,7,4.09,clear sky,0.0,0.0
634,Tautira,PF,2022-08-10 01:26:57,-17.7333,-149.15,73.18,84,100,9.62,overcast clouds,0.0,0.0
635,Mareeba,AU,2022-08-10 01:26:58,-17.0,145.4333,74.48,59,0,8.05,clear sky,0.0,0.0
636,Goya,AR,2022-08-10 01:26:58,-29.14,-59.2626,49.41,91,76,5.17,broken clouds,0.0,0.0
637,Matadi,CD,2022-08-10 01:26:59,-5.8167,13.45,71.13,81,0,4.29,clear sky,0.0,0.0
638,Izhma,RU,2022-08-10 01:26:59,65.0083,53.9113,48.61,80,8,3.4,clear sky,0.0,0.0
639,Rock Island,US,2022-08-10 01:27:00,41.45,-90.5168,75.18,70,0,4.61,clear sky,0.0,0.0
640,Rocha,UY,2022-08-10 01:27:00,-34.4833,-54.3333,43.5,92,6,3.83,clear sky,0.0,0.0
641,Nizwa,OM,2022-08-10 01:27:01,22.9333,57.5333,90.0,41,88,3.56,overcast clouds,0.0,0.0
642,Sitka,US,2022-08-10 01:27:02,57.0531,-135.33,62.49,59,100,12.66,overcast clouds,0.0,0.0
643,Plettenberg Bay,ZA,2022-08-10 01:27:02,-34.0527,23.3716,55.65,90,89,7.56,overcast clouds,0.0,0.0
644,Santa Isabel Do Rio Negro,BR,2022-08-10 01:27:03,-0.4139,-65.0192,75.18,88,84,2.1,broken clouds,0.0,0.0
645,Esmeraldas,BR,2022-08-10 01:27:03,-19.7625,-44.3139,71.91,60,41,5.17,scattered clouds,0.0,0.0
646,Mattru,SL,2022-08-10 01:27:03,7.6244,-11.8332,73.56,97,100,2.24,light rain,0.0,0.0
647,Qandala,SO,2022-08-10 01:27:04,11.472,49.8728,89.26,50,100,18.45,overcast clouds,0.0,0.0
648,Nirmal,IN,2022-08-10 01:27:04,19.1,78.35,73.09,91,100,14.61,overcast clouds,0.0,0.0
649,Natalinsk,RU,2022-08-10 01:27:04,56.4739,57.8698,62.55,81,100,3.09,overcast clouds,0.0,0.0
650,Ponta Delgada,PT,2022-08-10 01:23:40,37.7333,-25.6667,70.52,73,40,5.75,scattered clouds,0.0,0.0
651,Havoysund,NO,2022-08-10 01:27:05,70.9963,24.6622,52.03,89,78,10.89,broken clouds,0.0,0.0
652,Kashi,CN,2022-08-10 01:27:05,39.4547,75.9797,67.21,94,40,4.47,mist,0.0,0.0
653,San Quintin,MX,2022-08-10 01:27:06,30.4833,-115.95,76.08,70,10,10.25,clear sky,0.0,0.0
654,Kozhva,RU,2022-08-10 01:27:06,65.1073,57.0459,48.43,77,5,4.21,clear sky,0.0,0.0
655,Khandyga,RU,2022-08-10 01:27:07,62.6667,135.6,67.62,71,100,3.96,overcast clouds,0.0,0.0
656,Camacha,PT,2022-08-10 01:27:07,33.0833,-16.3333,67.42,73,20,11.5,few clouds,0.0,0.0
657,Dossor,KZ,2022-08-10 01:27:07,47.5272,52.9811,79.74,30,11,1.92,few clouds,0.0,0.0
658,Beloha,MG,2022-08-10 01:27:08,-25.1667,45.05,63.21,87,0,11.14,clear sky,0.0,0.0
659,Virginia Beach,US,2022-08-10 01:26:29,36.8529,-75.978,89.02,72,40,6.91,scattered clouds,0.0,0.0
660,Gallup,US,2022-08-10 01:27:08,35.5281,-108.7426,77.76,45,75,17.27,broken clouds,0.0,0.0
661,Port Blair,IN,2022-08-10 01:27:08,11.6667,92.75,82.44,78,75,11.5,broken clouds,0.0,0.0
662,Briancon,FR,2022-08-10 01:27:09,44.9,6.65,63.36,84,48,3.2,scattered clouds,0.0,0.0
663,Bonthe,SL,2022-08-10 01:27:09,7.5264,-12.505,75.36,91,100,5.68,light rain,0.0,0.0
664,Santa Rosa,PH,2022-08-10 01:27:09,14.3122,121.1114,86.11,78,100,2.55,overcast clouds,0.0,0.0
665,Candolim,IN,2022-08-10 01:27:10,15.5181,73.7626,77.0,94,100,11.5,overcast clouds,0.0,0.0
666,Ugoofaaru,MV,2022-08-10 01:27:10,5.6667,73.0,80.82,80,60,9.33,broken clouds,0.0,0.0
667,Porbandar,IN,2022-08-10 01:26:24,21.6422,69.6093,81.41,88,100,9.44,overcast clouds,0.0,0.0
668,Balakovo,RU,2022-08-10 01:27:11,52.0278,47.8007,67.57,67,12,5.44,few clouds,0.0,0.0
669,Pasni,PK,2022-08-10 01:27:11,25.2631,63.471,85.78,65,99,7.07,overcast clouds,0.0,0.0
670,Aden,YE,2022-08-10 01:27:11,12.7794,45.0367,85.01,77,100,19.26,overcast clouds,0.0,0.0
671,Vila,PT,2022-08-10 01:27:12,42.0304,-8.1588,65.7,66,0,2.93,clear sky,0.0,0.0
672,Taman,RU,2022-08-10 01:27:12,45.2117,36.7161,78.58,56,99,18.57,overcast clouds,0.0,0.0
673,Qasigiannguit,GL,2022-08-10 01:27:13,68.8193,-51.1922,39.45,92,100,5.5,overcast clouds,0.0,0.0
674,Bosaso,SO,2022-08-10 01:27:13,11.2842,49.1816,89.4,46,100,12.3,overcast clouds,0.0,0.0
675,Panalingaan,PH,2022-08-10 01:27:14,8.7842,117.4231,84.63,67,55,4.94,broken clouds,0.0,0.0
676,Gurupa,BR,2022-08-10 01:27:14,-1.405,-51.64,75.94,71,54,3.65,broken clouds,0.0,0.0
677,Evensk,RU,2022-08-10 01:27:14,61.95,159.2333,65.97,63,100,5.5,overcast clouds,0.0,0.0
678,Kirakira,SB,2022-08-10 01:27:15,-10.4544,161.9205,82.69,76,79,2.98,broken clouds,0.0,0.0
679,Port Macquarie,AU,2022-08-10 01:27:16,-31.4333,152.9167,63.9,66,13,11.45,few clouds,0.0,0.0
680,Huntington,US,2022-08-10 01:23:50,38.4193,-82.4452,79.54,95,19,1.81,few clouds,0.0,0.0
681,Mao,ES,2022-08-10 01:27:17,39.8885,4.2658,72.16,83,0,0.0,clear sky,0.0,0.0
682,Zhuhai,CN,2022-08-10 01:24:46,22.2769,113.5678,83.98,84,40,20.71,scattered clouds,0.0,0.0
683,Maceio,BR,2022-08-10 01:24:00,-9.6658,-35.7353,71.04,88,0,2.3,clear sky,0.0,0.0
684,Whitianga,NZ,2022-08-10 01:27:18,-36.8333,175.7,55.92,70,54,9.28,broken clouds,0.0,0.0
685,Ayaviri,PE,2022-08-10 01:27:18,-14.8864,-70.5889,48.22,43,96,1.32,overcast clouds,0.0,0.0
686,Malanje,AO,2022-08-10 01:27:19,-9.5402,16.341,62.46,57,0,2.75,clear sky,0.0,0.0
687,Sal Rei,CV,2022-08-10 01:27:19,16.1833,-22.9167,78.4,85,35,8.86,scattered clouds,0.0,0.0
688,Santiago,CL,2022-08-10 01:26:46,-33.4569,-70.6483,67.55,40,0,2.3,clear sky,0.0,0.0
689,Price,US,2022-08-10 01:27:17,39.5994,-110.8107,92.46,11,0,3.44,clear sky,0.0,0.0
690,Mangrol,IN,2022-08-10 01:27:20,21.1167,70.1167,80.01,91,100,7.36,overcast clouds,0.0,0.0
691,Batagay-Alyta,RU,2022-08-10 01:27:20,67.8006,130.4114,63.84,55,0,5.39,clear sky,0.0,0.0
692,Ayan,RU,2022-08-10 01:27:21,56.45,138.1667,55.18,96,100,7.2,overcast clouds,0.0,0.0
693,Lavrentiya,RU,2022-08-10 01:27:21,65.5833,-171.0,52.61,53,100,16.28,overcast clouds,0.0,0.0
694,Aksay,RU,2022-08-10 01:27:21,47.26,39.87,66.42,32,0,5.93,clear sky,0.0,0.0
695,Vestmanna,FO,2022-08-10 01:27:22,62.1564,-7.1664,52.72,100,100,2.3,moderate rain,0.0,0.0
696,Buenos Aires,AR,2022-08-10 01:26:27,-34.6132,-58.3772,53.33,72,0,9.22,clear sky,0.0,0.0
697,Faya,SA,2022-08-10 01:27:22,18.3851,42.4509,64.51,82,99,6.55,overcast clouds,0.0,0.0
698,Paris,FR,2022-08-10 01:23:09,48.8534,2.3488,74.08,55,0,13.8,clear sky,0.0,0.0
699,Roros,NO,2022-08-10 01:27:23,62.5747,11.3842,53.44,87,100,5.75,light rain,0.0,0.0
700,Hibbing,US,2022-08-10 01:27:23,47.4272,-92.9377,76.35,60,0,0.0,clear sky,0.0,0.0
701,Klamath Falls,US,2022-08-10 01:27:24,42.2249,-121.7817,84.87,19,0,18.41,clear sky,0.0,0.0
702,Hoquiam,US,2022-08-10 01:22:30,46.9809,-123.8893,71.37,79,0,11.5,clear sky,0.0,0.0
703,Namwala,ZM,2022-08-10 01:27:24,-15.7504,26.4384,58.1,40,0,0.58,clear sky,0.0,0.0
704,La Union,PE,2022-08-10 01:27:25,-5.4,-80.75,65.8,73,30,17.27,scattered clouds,0.0,0.0
